Fecha,Competición,Local,Visitante,Goles Local,Goles Visitante
2025-05-25,LaLiga,Athletic Club,Barcelona,3,2
2025-05-25,LaLiga,Villarreal,Sevilla,4,2
2025-05-25,LaLiga,Girona,Atletico de Madrid,0,4
2025-05-25,LaLiga,Alavés,Osasuna,1,1
2025-05-24,LaLiga,Getafe,Celta de Vigo,1,2
2025-05-24,LaLiga,Rayo Vallecano,Mallorca,0,0
2025-05-24,LaLiga,Espanyol,Las Palmas,2,0
2025-05-24,LaLiga,Leganés,Real Valladolid,3,0
2025-05-24,LaLiga,Real Madrid,Real Sociedad,2,0
2025-05-24,LaLiga,Real Betis,Valencia,1,1
2025-05-18,LaLiga,Atletico de Madrid,Real Betis,4,1
2025-05-18,LaLiga,Barcelona,Villarreal,2,3
2025-05-18,LaLiga,Celta de Vigo,Rayo Vallecano,1,2
2025-05-18,LaLiga,Las Palmas,Leganés,0,1
2025-05-18,LaLiga,Mallorca,Getafe,1,2
2025-05-18,LaLiga,Osasuna,Espanyol,2,0
2025-05-18,LaLiga,Real Sociedad,Girona,3,2
2025-05-18,LaLiga,Real Valladolid,Alavés,0,1
2025-05-18,LaLiga,Sevilla,Real Madrid,0,2
2025-05-18,LaLiga,Valencia,Athletic Club,0,1
2025-05-15,LaLiga,Espanyol,Barcelona,0,2
2025-05-15,LaLiga,Getafe,Athletic Club,0,2
2025-05-15,LaLiga,Osasuna,Atletico de Madrid,2,0
2025-05-15,LaLiga,Rayo Vallecano,Real Betis,2,2
2025-05-14,LaLiga,Real Madrid,Mallorca,2,1
2025-05-14,LaLiga,Alavés,Valencia,1,0
2025-05-14,LaLiga,Villarreal,Leganés,3,0
2025-05-14,LaLiga,Sevilla,Las Palmas,1,0
2025-05-13,LaLiga,Real Sociedad,Celta de Vigo,0,1
2025-05-13,LaLiga,Real Valladolid,Girona,0,1
2025-05-11,LaLiga,Real Betis,Osasuna,1,1
2025-05-11,LaLiga,Athletic Club,Alavés,1,0
2025-05-11,LaLiga,Barcelona,Real Madrid,4,3
2025-05-11,LaLiga,Leganés,Espanyol,3,2
2025-05-10,LaLiga,Atletico de Madrid,Real Sociedad,4,0
2025-05-10,LaLiga,Girona,Villarreal,0,1
2025-05-10,LaLiga,Mallorca,Real Valladolid,2,1
2025-05-10,LaLiga,Celta de Vigo,Sevilla,3,2
2025-05-10,LaLiga,Valencia,Getafe,3,0
2025-05-09,LaLiga,Las Palmas,Rayo Vallecano,0,1
2025-05-05,LaLiga,Girona,Mallorca,1,0
2025-05-04,LaLiga,Real Sociedad,Athletic Club,0,0
2025-05-04,LaLiga,Espanyol,Real Betis,1,2
2025-05-04,LaLiga,Sevilla,Leganés,2,2
2025-05-04,LaLiga,Real Madrid,Celta de Vigo,3,2
2025-05-03,LaLiga,Real Valladolid,Barcelona,1,2
2025-05-03,LaLiga,Las Palmas,Valencia,2,3
2025-05-03,LaLiga,Villarreal,Osasuna,4,2
2025-05-03,LaLiga,Alavés,Atletico de Madrid,0,0
2025-05-02,LaLiga,Rayo Vallecano,Getafe,1,0
2025-04-27,LaLiga,Villarreal,Espanyol,1,0
2025-04-24,LaLiga,Atletico de Madrid,Rayo Vallecano,3,0
2025-04-24,LaLiga,Real Betis,Real Valladolid,5,1
2025-04-24,LaLiga,Leganés,Girona,1,1
2025-04-24,LaLiga,Osasuna,Sevilla,1,0
2025-04-23,LaLiga,Alavés,Real Sociedad,1,0
2025-04-23,LaLiga,Getafe,Real Madrid,0,1
2025-04-23,LaLiga,Athletic Club,Las Palmas,1,0
2025-04-23,LaLiga,Celta de Vigo,Villarreal,3,0
2025-04-22,LaLiga,Barcelona,Mallorca,1,0
2025-04-22,LaLiga,Valencia,Espanyol,1,1
2025-04-21,LaLiga,Girona,Real Betis,1,3
2025-04-20,LaLiga,Real Madrid,Athletic Club,1,0
2025-04-20,LaLiga,Sevilla,Alavés,1,1
2025-04-20,LaLiga,Villarreal,Real Sociedad,2,2
2025-04-20,LaLiga,Real Valladolid,Osasuna,2,3
2025-04-19,LaLiga,Las Palmas,Atletico de Madrid,1,0
2025-04-19,LaLiga,Mallorca,Leganés,0,0
2025-04-19,LaLiga,Barcelona,Celta de Vigo,4,3
2025-04-19,LaLiga,Rayo Vallecano,Valencia,1,1
2025-04-18,LaLiga,Espanyol,Getafe,1,0
2025-04-14,LaLiga,Atletico de Madrid,Real Valladolid,4,2
2025-04-13,LaLiga,Athletic Club,Rayo Vallecano,3,1
2025-04-13,LaLiga,Real Betis,Villarreal,1,2
2025-04-13,LaLiga,Alavés,Real Madrid,0,1
2025-04-13,LaLiga,Osasuna,Girona,2,1
2025-04-12,LaLiga,Leganés,Barcelona,0,1
2025-04-12,LaLiga,Celta de Vigo,Espanyol,0,2
2025-04-12,LaLiga,Getafe,Las Palmas,1,3
2025-04-12,LaLiga,Real Sociedad,Mallorca,0,2
2025-04-11,LaLiga,Valencia,Sevilla,1,0
2025-04-07,LaLiga,Leganés,Osasuna,1,1
2025-04-06,LaLiga,Villarreal,Athletic Club,0,0
2025-04-06,LaLiga,Real Valladolid,Getafe,0,4
2025-04-06,LaLiga,Sevilla,Atletico de Madrid,1,2
2025-04-06,LaLiga,Las Palmas,Real Sociedad,1,3
2025-04-05,LaLiga,Barcelona,Real Betis,1,1
2025-04-05,LaLiga,Mallorca,Celta de Vigo,1,2
2025-04-05,LaLiga,Real Madrid,Valencia,1,2
2025-04-05,LaLiga,Girona,Alavés,0,1
2025-04-04,LaLiga,Rayo Vallecano,Espanyol,0,4
2025-03-31,LaLiga,Celta de Vigo,Las Palmas,1,1
2025-03-30,LaLiga,Real Betis,Sevilla,2,1
2025-03-30,LaLiga,Athletic Club,Osasuna,0,0
2025-03-30,LaLiga,Valencia,Mallorca,1,0
2025-03-30,LaLiga,Barcelona,Girona,4,1
2025-03-30,LaLiga,Getafe,Villarreal,1,2
2025-03-29,LaLiga,Real Madrid,Leganés,3,2
2025-03-29,LaLiga,Alavés,Rayo Vallecano,0,2
2025-03-29,LaLiga,Espanyol,Atletico de Madrid,1,1
2025-03-29,LaLiga,Real Sociedad,Real Valladolid,2,1
2025-03-27,LaLiga,Barcelona,Osasuna,3,0
2025-03-16,LaLiga,Atletico de Madrid,Barcelona,2,4
2025-03-16,LaLiga,Osasuna,Getafe,1,2
2025-03-16,LaLiga,Rayo Vallecano,Real Sociedad,2,2
2025-03-16,LaLiga,Sevilla,Athletic Club,0,1
2025-03-16,LaLiga,Leganés,Real Betis,2,3
2025-03-15,LaLiga,Girona,Valencia,1,1
2025-03-15,LaLiga,Villarreal,Real Madrid,1,2
2025-03-15,LaLiga,Mallorca,Espanyol,2,1
2025-03-15,LaLiga,Real Valladolid,Celta de Vigo,0,1
2025-03-14,LaLiga,Las Palmas,Alavés,2,2
2025-03-10,LaLiga,Espanyol,Girona,1,1
2025-03-09,LaLiga,Real Sociedad,Sevilla,0,1
2025-03-09,LaLiga,Athletic Club,Mallorca,1,1
2025-03-09,LaLiga,Real Betis,Las Palmas,1,0
2025-03-09,LaLiga,Real Madrid,Rayo Vallecano,2,1
2025-03-09,LaLiga,Getafe,Atletico de Madrid,2,1
2025-03-08,LaLiga,Valencia,Real Valladolid,2,1
2025-03-08,LaLiga,Alavés,Villarreal,1,0
2025-03-08,LaLiga,Celta de Vigo,Leganés,2,1
2025-03-02,LaLiga,Osasuna,Valencia,3,3
2025-03-02,LaLiga,Mallorca,Alavés,1,1
2025-03-02,LaLiga,Barcelona,Real Sociedad,4,0
2025-03-02,LaLiga,Leganés,Getafe,1,0
2025-03-01,LaLiga,Atletico de Madrid,Athletic Club,1,0
2025-03-01,LaLiga,Real Betis,Real Madrid,2,1
2025-03-01,LaLiga,Rayo Vallecano,Sevilla,1,1
2025-03-01,LaLiga,Girona,Celta de Vigo,2,2
2025-02-28,LaLiga,Real Valladolid,Las Palmas,1,1
2025-02-24,LaLiga,Sevilla,Mallorca,1,1
2025-02-23,LaLiga,Real Sociedad,Leganés,3,0
2025-02-23,LaLiga,Getafe,Real Betis,1,2
2025-02-23,LaLiga,Real Madrid,Girona,2,0
2025-02-23,LaLiga,Athletic Club,Real Valladolid,7,1
2025-02-22,LaLiga,Las Palmas,Barcelona,0,2
2025-02-22,LaLiga,Valencia,Atletico de Madrid,0,3
2025-02-22,LaLiga,Rayo Vallecano,Villarreal,0,1
2025-02-22,LaLiga,Alavés,Espanyol,0,1
2025-02-21,LaLiga,Celta de Vigo,Osasuna,1,0
2025-02-17,LaLiga,Barcelona,Rayo Vallecano,1,0
2025-02-16,LaLiga,Real Betis,Real Sociedad,0,3
2025-02-16,LaLiga,Mallorca,Las Palmas,3,1
2025-02-16,LaLiga,Real Valladolid,Sevilla,0,4
2025-02-16,LaLiga,Espanyol,Athletic Club,1,1
2025-02-15,LaLiga,Villarreal,Valencia,1,1
2025-02-15,LaLiga,Atletico de Madrid,Celta de Vigo,1,1
2025-02-15,LaLiga,Osasuna,Real Madrid,1,1
2025-02-15,LaLiga,Leganés,Alavés,3,3
2025-02-14,LaLiga,Girona,Getafe,1,2
2025-02-10,LaLiga,Mallorca,Osasuna,1,1
2025-02-09,LaLiga,Sevilla,Barcelona,1,4
2025-02-09,LaLiga,Real Sociedad,Espanyol,2,1
2025-02-09,LaLiga,Valencia,Leganés,2,0
2025-02-09,LaLiga,Alavés,Getafe,0,1
2025-02-08,LaLiga,Real Madrid,Atletico de Madrid,1,1
2025-02-08,LaLiga,Las Palmas,Villarreal,1,2
2025-02-08,LaLiga,Athletic Club,Girona,3,0
2025-02-08,LaLiga,Celta de Vigo,Real Betis,3,2
2025-02-07,LaLiga,Rayo Vallecano,Real Valladolid,1,0
2025-02-03,LaLiga,Girona,Las Palmas,2,1
2025-02-02,LaLiga,Real Betis,Athletic Club,2,2
2025-02-02,LaLiga,Osasuna,Real Sociedad,2,1
2025-02-02,LaLiga,Valencia,Celta de Vigo,2,1
2025-02-02,LaLiga,Barcelona,Alavés,1,0
2025-02-01,LaLiga,Espanyol,Real Madrid,1,0
2025-02-01,LaLiga,Atletico de Madrid,Mallorca,2,0
2025-02-01,LaLiga,Villarreal,Real Valladolid,5,1
2025-02-01,LaLiga,Getafe,Sevilla,0,0
2025-02-01,LaLiga,Leganés,Rayo Vallecano,0,1
2025-01-31,LaLiga,Alavés,Celta de Vigo,1,1
2025-01-27,LaLiga,Barcelona,Valencia,7,1
2025-01-26,LaLiga,Athletic Club,Leganés,0,0
2025-01-26,LaLiga,Real Sociedad,Getafe,0,3
2025-01-26,LaLiga,Rayo Vallecano,Girona,2,1
2025-01-26,LaLiga,Real Valladolid,Real Madrid,0,3
2025-01-25,LaLiga,Sevilla,Espanyol,1,1
2025-01-25,LaLiga,Atletico de Madrid,Villarreal,1,1
2025-01-25,LaLiga,Mallorca,Real Betis,0,1
2025-01-25,LaLiga,Las Palmas,Osasuna,1,1
2025-01-24,LaLiga,Villarreal,Mallorca,4,0
2025-01-20,LaLiga,Valencia,Real Sociedad,1,0
2025-01-19,LaLiga,Osasuna,Rayo Vallecano,1,1
2025-01-19,LaLiga,Real Madrid,Las Palmas,4,1
2025-01-19,LaLiga,Celta de Vigo,Athletic Club,1,2
2025-01-19,LaLiga,Getafe,Barcelona,1,1
2025-01-18,LaLiga,Real Betis,Alavés,1,3
2025-01-18,LaLiga,Leganés,Atletico de Madrid,1,0
2025-01-18,LaLiga,Girona,Sevilla,1,2
2025-01-18,LaLiga,Espanyol,Real Valladolid,2,1
2025-01-17,LaLiga,Real Sociedad,Villarreal,1,0
2025-01-13,LaLiga,Atletico de Madrid,Osasuna,1,0
2025-01-12,LaLiga,Las Palmas,Getafe,1,2
2025-01-12,LaLiga,Sevilla,Valencia,1,1
2025-01-11,LaLiga,Espanyol,Leganés,1,1
2025-01-11,LaLiga,Real Valladolid,Real Betis,1,0
2025-01-11,LaLiga,Alavés,Girona,0,1
2025-01-11,LaLiga,Rayo Vallecano,Celta de Vigo,2,1
2025-01-10,LaLiga,Valencia,Real Madrid,1,2
2025-01-03,LaLiga,Real Betis,Rayo Vallecano,1,1
2024-12-22,LaLiga,Las Palmas,Espanyol,1,0
2024-12-22,LaLiga,Leganés,Villarreal,2,5
2024-12-22,LaLiga,Real Madrid,Sevilla,4,2
2024-12-22,LaLiga,Valencia,Alavés,2,2
2024-12-21,LaLiga,Barcelona,Atletico de Madrid,1,2
2024-12-21,LaLiga,Osasuna,Athletic Club,1,2
2024-12-21,LaLiga,Celta de Vigo,Real Sociedad,2,0
2024-12-21,LaLiga,Getafe,Mallorca,0,1
2024-12-20,LaLiga,Girona,Real Valladolid,3,0
2024-12-18,LaLiga,Espanyol,Valencia,1,1
2024-12-18,LaLiga,Villarreal,Rayo Vallecano,1,1
2024-12-15,LaLiga,Barcelona,Leganés,0,1
2024-12-15,LaLiga,Real Sociedad,Las Palmas,0,0
2024-12-15,LaLiga,Villarreal,Real Betis,1,2
2024-12-15,LaLiga,Alavés,Athletic Club,1,1
2024-12-15,LaLiga,Atletico de Madrid,Getafe,1,0
2024-12-14,LaLiga,Rayo Vallecano,Real Madrid,3,3
2024-12-14,LaLiga,Sevilla,Celta de Vigo,1,0
2024-12-14,LaLiga,Mallorca,Girona,2,1
2024-12-14,LaLiga,Espanyol,Osasuna,0,0
2024-12-13,LaLiga,Real Valladolid,Valencia,1,0
2024-12-09,LaLiga,Getafe,Espanyol,1,0
2024-12-08,LaLiga,Atletico de Madrid,Sevilla,4,3
2024-12-08,LaLiga,Osasuna,Alavés,2,2
2024-12-08,LaLiga,Athletic Club,Villarreal,2,0
2024-12-08,LaLiga,Leganés,Real Sociedad,0,3
2024-12-07,LaLiga,Girona,Real Madrid,0,3
2024-12-07,LaLiga,Valencia,Rayo Vallecano,0,1
2024-12-07,LaLiga,Real Betis,Barcelona,2,2
2024-12-07,LaLiga,Las Palmas,Real Valladolid,2,1
2024-12-06,LaLiga,Celta de Vigo,Mallorca,2,0
2024-12-04,LaLiga,Athletic Club,Real Madrid,2,1
2024-12-03,LaLiga,Mallorca,Barcelona,1,5
2024-12-02,LaLiga,Sevilla,Osasuna,1,1
2024-12-01,LaLiga,Real Sociedad,Real Betis,2,0
2024-12-01,LaLiga,Rayo Vallecano,Athletic Club,1,2
2024-12-01,LaLiga,Real Madrid,Getafe,2,0
2024-12-01,LaLiga,Villarreal,Girona,2,2
2024-11-30,LaLiga,Real Valladolid,Atletico de Madrid,0,5
2024-11-30,LaLiga,Espanyol,Celta de Vigo,3,1
2024-11-30,LaLiga,Alavés,Leganés,1,1
2024-11-30,LaLiga,Barcelona,Las Palmas,1,2
2024-11-29,LaLiga,Mallorca,Valencia,2,1
2024-11-24,LaLiga,Athletic Club,Real Sociedad,1,0
2024-11-24,LaLiga,Leganés,Real Madrid,0,3
2024-11-24,LaLiga,Sevilla,Rayo Vallecano,1,0
2024-11-24,LaLiga,Osasuna,Villarreal,2,2
2024-11-23,LaLiga,Celta de Vigo,Barcelona,2,2
2024-11-23,LaLiga,Girona,Espanyol,4,1
2024-11-23,LaLiga,Las Palmas,Mallorca,2,3
2024-11-23,LaLiga,Atletico de Madrid,Alavés,2,1
2024-11-23,LaLiga,Valencia,Real Betis,4,2
2024-11-23,LaLiga,Getafe,Real Valladolid,2,0
2024-11-22,LaLiga,Real Sociedad,Barcelona,1,0
2024-11-10,LaLiga,Getafe,Girona,0,1
2024-11-10,LaLiga,Real Valladolid,Athletic Club,1,1
2024-11-10,LaLiga,Mallorca,Atletico de Madrid,0,1
2024-11-10,LaLiga,Real Betis,Celta de Vigo,2,2
2024-11-09,LaLiga,Leganés,Sevilla,1,0
2024-11-09,LaLiga,Villarreal,Alavés,3,0
2024-11-09,LaLiga,Real Madrid,Osasuna,4,0
2024-11-09,LaLiga,Rayo Vallecano,Las Palmas,1,3
2024-11-08,LaLiga,Celta de Vigo,Getafe,1,0
2024-11-04,LaLiga,Athletic Club,Real Betis,1,1
2024-11-03,LaLiga,Sevilla,Real Sociedad,0,2
2024-11-03,LaLiga,Barcelona,Espanyol,3,1
2024-11-03,LaLiga,Atletico de Madrid,Las Palmas,2,0
2024-11-03,LaLiga,Girona,Leganés,4,3
2024-11-02,LaLiga,Osasuna,Real Valladolid,1,0
2024-11-01,LaLiga,Alavés,Mallorca,1,0
2024-10-28,LaLiga,Mallorca,Athletic Club,0,0
2024-10-27,LaLiga,Real Sociedad,Osasuna,0,2
2024-10-27,LaLiga,Real Betis,Atletico de Madrid,1,0
2024-10-27,LaLiga,Getafe,Valencia,1,1
2024-10-27,LaLiga,Leganés,Celta de Vigo,3,0
2024-10-26,LaLiga,Real Madrid,Barcelona,0,4
2024-10-26,LaLiga,Las Palmas,Girona,1,0
2024-10-26,LaLiga,Rayo Vallecano,Alavés,1,0
2024-10-26,LaLiga,Real Valladolid,Villarreal,1,2
2024-10-25,LaLiga,Espanyol,Sevilla,0,2
2024-10-21,LaLiga,Valencia,Las Palmas,2,3
2024-10-21,LaLiga,Barcelona,Sevilla,5,1
2024-10-20,LaLiga,Villarreal,Getafe,1,1
2024-10-20,LaLiga,Atletico de Madrid,Leganés,3,1
2024-10-20,LaLiga,Mallorca,Rayo Vallecano,1,0
2024-10-19,LaLiga,Celta de Vigo,Real Madrid,1,2
2024-10-19,LaLiga,Girona,Real Sociedad,0,1
2024-10-19,LaLiga,Osasuna,Real Betis,1,2
2024-10-19,LaLiga,Athletic Club,Espanyol,4,1
2024-10-18,LaLiga,Alavés,Real Valladolid,2,3
2024-10-06,LaLiga,Real Sociedad,Atletico de Madrid,1,1
2024-10-06,LaLiga,Sevilla,Real Betis,1,0
2024-10-06,LaLiga,Alavés,Barcelona,0,3
2024-10-06,LaLiga,Girona,Athletic Club,2,1
2024-10-05,LaLiga,Real Madrid,Villarreal,2,0
2024-10-05,LaLiga,Las Palmas,Celta de Vigo,2,0
2024-10-05,LaLiga,Real Valladolid,Rayo Vallecano,1,2
2024-10-05,LaLiga,Getafe,Osasuna,1,1
2024-10-05,LaLiga,Espanyol,Mallorca,2,1
2025-10-04,LaLiga,Leganés,Valencia,0,0
2025-09-30,LaLiga,Villarreal,Las Palmas,3,1
2025-09-29,LaLiga,Atletico de Madrid,Real Madrid,1,1
2025-09-29,LaLiga,Real Betis,Espanyol,1,0
2025-09-29,LaLiga,Athletic Club,Sevilla,1,1
2025-09-29,LaLiga,Celta de Vigo,Girona,1,1
2025-09-28,LaLiga,Osasuna,Barcelona,4,2
2025-09-28,LaLiga,Real Sociedad,Valencia,3,0
2025-09-28,LaLiga,Rayo Vallecano,Leganés,1,1
2025-09-28,LaLiga,Getafe,Alavés,2,0
2025-09-27,LaLiga,Real Valladolid,Mallorca,1,2
2025-09-26,LaLiga,Celta de Vigo,Atletico de Madrid,0,1
2025-09-26,LaLiga,Espanyol,Villarreal,1,2
2025-09-26,LaLiga,Las Palmas,Real Betis,1,1
2025-09-25,LaLiga,Barcelona,Getafe,1,0
2025-09-25,LaLiga,Girona,Rayo Vallecano,0,0
2025-09-24,LaLiga,Real Madrid,Alavés,3,2
2025-09-24,LaLiga,Sevilla,Real Valladolid,2,1
2025-09-24,LaLiga,Valencia,Osasuna,0,0
2025-09-23,LaLiga,Real Betis,Mallorca,1,2
2025-09-22,LaLiga,Rayo Vallecano,Atletico de Madrid,1,1
2025-09-22,LaLiga,Villarreal,Barcelona,1,5
2025-09-22,LaLiga,Athletic Club,Celta de Vigo,3,1
2025-09-22,LaLiga,Getafe,Leganés,1,1
2025-09-21,LaLiga,Real Madrid,Espanyol,4,1
2025-09-21,LaLiga,Valencia,Girona,2,0
2025-09-21,LaLiga,Osasuna,Las Palmas,2,1
2025-09-21,LaLiga,Real Valladolid,Real Sociedad,0,0
2025-09-20,LaLiga,Alavés,Sevilla,2,1
2025-09-19,LaLiga,Leganés,Athletic Club,0,2
2025-09-18,LaLiga,Real Betis,Getafe,2,1
2025-09-17,LaLiga,Mallorca,Real Sociedad,1,0
2025-09-16,LaLiga,Rayo Vallecano,Osasuna,3,1
2025-09-15,LaLiga,Atletico de Madrid,Valencia,3,0
2025-09-15,LaLiga,Las Palmas,Athletic Club,2,3
2025-09-15,LaLiga,Girona,Barcelona,1,4
2025-09-15,LaLiga,Celta de Vigo,Real Valladolid,3,1
2025-09-14,LaLiga,Real Sociedad,Real Madrid,0,2
2025-09-14,LaLiga,Sevilla,Getafe,1,0
2025-09-14,LaLiga,Espanyol,Alavés,3,2
2025-09-14,LaLiga,Mallorca,Villarreal,1,2
2025-09-13,LaLiga,Real Betis,Leganés,2,0
2025-09-01,LaLiga,Real Madrid,Real Betis,2,0
2025-09-01,LaLiga,Getafe,Real Sociedad,0,0
2025-09-01,LaLiga,Sevilla,Girona,0,2
2025-09-01,LaLiga,Alavés,Las Palmas,2,0
2025-09-01,LaLiga,Osasuna,Celta de Vigo,3,2
2025-08-31,LaLiga,Leganés,Mallorca,0,1
2025-08-31,LaLiga,Valencia,Villarreal,1,1
2025-08-31,LaLiga,Espanyol,Rayo Vallecano,2,1
2025-08-31,LaLiga,Athletic Club,Atletico de Madrid,0,1
2025-08-31,LaLiga,Barcelona,Real Valladolid,7,0
2025-08-29,LaLiga,Las Palmas,Real Madrid,1,1
2025-08-29,LaLiga,Girona,Osasuna,4,0
2025-08-29,LaLiga,Atletico de Madrid,Espanyol,0,0
2025-08-28,LaLiga,Real Sociedad,Alavés,1,2
2025-08-28,LaLiga,Athletic Club,Valencia,1,0
2025-08-28,LaLiga,Real Valladolid,Leganés,0,0
2025-08-28,LaLiga,Rayo Vallecano,Barcelona,1,2
2025-08-27,LaLiga,Mallorca,Sevilla,0,0
2025-08-27,LaLiga,Villarreal,Celta de Vigo,4,3
2025-08-25,LaLiga,Atletico de Madrid,Girona,3,0
2025-08-25,LaLiga,Alavés,Real Betis,0,0
2025-08-25,LaLiga,Leganés,Las Palmas,2,1
2025-08-25,LaLiga,Real Madrid,Real Valladolid,3,0
2025-08-25,LaLiga,Espanyol,Real Sociedad,0,1
2025-08-24,LaLiga,Getafe,Rayo Vallecano,0,0
2025-08-24,LaLiga,Barcelona,Athletic Club,2,1
2025-08-24,LaLiga,Osasuna,Mallorca,1,0
2025-08-24,LaLiga,Sevilla,Villarreal,1,2
2025-08-23,LaLiga,Celta de Vigo,Valencia,3,1
2025-08-19,LaLiga,Villarreal,Atletico de Madrid,2,2
2025-08-19,LaLiga,Real Valladolid,Espanyol,1,0
2025-08-18,LaLiga,Mallorca,Real Madrid,1,1
2025-08-18,LaLiga,Real Sociedad,Rayo Vallecano,1,2
2025-08-17,LaLiga,Valencia,Barcelona,1,2
2025-08-17,LaLiga,Osasuna,Leganés,1,1
2025-08-16,LaLiga,Las Palmas,Sevilla,2,2
2025-08-16,LaLiga,Celta de Vigo,Alavés,2,1
2025-08-15,LaLiga,Real Betis,Girona,1,1
2025-08-15,LaLiga,Athletic Club,Getafe,1,1





2024-05-25,Premier League,Bournemouth,Leicester,2,0
2024-05-25,Premier League,Fulham,Manchester City,0,2
2024-05-25,Premier League,Ipswich,West Ham,1,3
2024-05-25,Premier League,Liverpool,Crystal Palace,1,1
2024-05-25,Premier League,Manchester Utd,Aston Villa,2,0
2024-05-25,Premier League,Newcastle,Everton,0,1
2024-05-25,Premier League,Nottingham Forest,Chelsea,0,1
2024-05-25,Premier League,Southampton,Arsenal,1,2
2024-05-25,Premier League,Tottenham,Brighton,1,4
2024-05-25,Premier League,Wolves,Brentford,1,1
2024-05-20,Premier League,Crystal Palace,Wolves,4,2
2024-05-20,Premier League,Manchester City,Bournemouth,3,1
2024-05-19,Premier League,Brighton,Liverpool,3,2
2024-05-18,Premier League,Arsenal,Newcastle,1,0
2024-05-18,Premier League,Brentford,Fulham,2,3
2024-05-18,Premier League,Leicester,Ipswich,2,0
2024-05-18,Premier League,West Ham,Nottingham Forest,1,2
2024-05-18,Premier League,Everton,Southampton,2,0
2024-05-16,Premier League,Chelsea,Manchester Utd,1,0
2024-05-16,Premier League,Aston Villa,Tottenham,2,0
2024-05-11,Premier League,Liverpool,Arsenal,2,2
2024-05-11,Premier League,Manchester Utd,West Ham,0,2
2024-05-11,Premier League,Nottingham Forest,Leicester,2,2
2024-05-11,Premier League,Tottenham,Crystal Palace,0,2
2024-05-11,Premier League,Newcastle,Chelsea,2,0
2024-05-10,Premier League,Bournemouth,Aston Villa,0,1
2024-05-10,Premier League,Fulham,Everton,1,3
2024-05-10,Premier League,Ipswich,Brentford,0,1
2024-05-10,Premier League,Southampton,Manchester City,0,0
2024-05-10,Premier League,Wolves,Brighton,0,2
2024-05-05,Premier League,Crystal Palace,Nottingham Forest,1,1
2024-05-04,Premier League,Chelsea,Liverpool,3,1
2024-05-04,Premier League,Brentford,Manchester Utd,4,3
2024-05-04,Premier League,Brighton,Newcastle,1,1
2024-05-04,Premier League,West Ham,Tottenham,1,1
2024-05-03,Premier League,Arsenal,Bournemouth,1,2
2024-05-03,Premier League,Everton,Ipswich,2,2
2024-05-03,Premier League,Leicester,Southampton,2,0
2024-05-03,Premier League,Aston Villa,Fulham,1,0
2024-05-02,Premier League,Manchester City,Wolves,1,0
2024-05-01,Premier League,Nottingham Forest,Brentford,0,2
2024-04-27,Premier League,Liverpool,Tottenham,5,1
2024-04-27,Premier League,Bournemouth,Manchester Utd,1,1
2024-04-26,Premier League,Brighton,West Ham,3,2
2024-04-26,Premier League,Newcastle,Ipswich,3,0
2024-04-26,Premier League,Southampton,Fulham,1,2
2024-04-26,Premier League,Wolves,Leicester,3,0
2024-04-26,Premier League,Chelsea,Everton,1,0
2024-04-23,Premier League,Arsenal,Crystal Palace,2,2
2024-04-22,Premier League,Manchester City,Aston Villa,2,1
2024-04-21,Premier League,Tottenham,Nottingham Forest,1,2
2024-04-20,Premier League,Leicester,Liverpool,0,1
2024-04-20,Premier League,Fulham,Chelsea,1,2
2024-04-20,Premier League,Ipswich,Arsenal,0,4
2024-04-20,Premier League,Manchester Utd,Wolves,0,1
2024-04-19,Premier League,Aston Villa,Newcastle,4,1
2024-04-19,Premier League,Brentford,Brighton,4,2
2024-04-19,Premier League,Crystal Palace,Bournemouth,0,0
2024-04-19,Premier League,Everton,Manchester City,0,2
2024-04-19,Premier League,West Ham,Southampton,1,1
2024-04-16,Premier League,Newcastle,Crystal Palace,5,0
2024-04-14,Premier League,Bournemouth,Fulham,1,0
2024-04-13,Premier League,Newcastle,Manchester Utd,4,1
2024-04-13,Premier League,Chelsea,Ipswich,2,2
2024-04-13,Premier League,Liverpool,West Ham,2,1
2024-04-13,Premier League,Wolves,Tottenham,4,2
2024-04-12,Premier League,Arsenal,Brentford,1,1
2024-04-12,Premier League,Brighton,Leicester,2,2
2024-04-12,Premier League,Nottingham Forest,Everton,0,1
2024-04-12,Premier League,Southampton,Aston Villa,0,3
2024-04-12,Premier League,Manchester City,Crystal Palace,5,2
2024-04-07,Premier League,Leicester,Newcastle,0,3
2024-04-06,Premier League,Manchester Utd,Manchester City,0,0
2024-04-06,Premier League,Brentford,Chelsea,0,0
2024-04-06,Premier League,Fulham,Liverpool,3,2
2024-04-06,Premier League,Tottenham,Southampton,3,1
2024-04-05,Premier League,Aston Villa,Nottingham Forest,2,1
2024-04-05,Premier League,Crystal Palace,Brighton,2,1
2024-04-05,Premier League,Ipswich,Wolves,1,2
2024-04-05,Premier League,West Ham,Bournemouth,2,2
2024-04-05,Premier League,Everton,Arsenal,1,1
2024-04-03,Premier League,Chelsea,Tottenham,1,0
2024-04-02,Premier League,Liverpool,Everton,1,0
2024-04-02,Premier League,Bournemouth,Ipswich,1,2
2024-04-02,Premier League,Brighton,Aston Villa,0,3
2024-04-02,Premier League,Manchester City,Leicester,2,0
2024-04-02,Premier League,Newcastle,Brentford,2,1
2024-04-02,Premier League,Southampton,Crystal Palace,1,1
2024-04-01,Premier League,Nottingham Forest,Manchester Utd,1,0
2024-04-01,Premier League,Arsenal,Fulham,2,1
2024-04-01,Premier League,Wolves,West Ham,1,0
2024-03-16,Premier League,Leicester,Manchester Utd,0,3
2024-03-16,Premier League,Arsenal,Chelsea,1,0
2024-03-16,Premier League,Fulham,Tottenham,2,0
2024-03-15,Premier League,Bournemouth,Brentford,1,2
2024-03-15,Premier League,Everton,West Ham,1,1
2024-03-15,Premier League,Ipswich,Nottingham Forest,2,4
2024-03-15,Premier League,Manchester City,Brighton,2,2
2024-03-15,Premier League,Southampton,Wolves,1,2
2024-03-10,Premier League,West Ham,Newcastle,0,1
2024-03-09,Premier League,Manchester Utd,Arsenal,1,1
2024-03-09,Premier League,Chelsea,Leicester,1,0
2024-03-09,Premier League,Tottenham,Bournemouth,2,2
2024-03-08,Premier League,Wolves,Everton,1,1
2024-03-08,Premier League,Brentford,Aston Villa,0,1
2024-03-08,Premier League,Brighton,Fulham,2,1
2024-03-08,Premier League,Crystal Palace,Ipswich,1,0
2024-03-08,Premier League,Liverpool,Southampton,3,1
2024-03-08,Premier League,Nottingham Forest,Manchester City,1,0
2024-02-27,Premier League,West Ham,Leicester,2,0
2024-02-26,Premier League,Liverpool,Newcastle,2,0
2024-02-26,Premier League,Brentford,Everton,1,1
2024-02-26,Premier League,Manchester Utd,Ipswich,3,2
2024-02-26,Premier League,Nottingham Forest,Arsenal,0,0
2024-02-26,Premier League,Tottenham,Manchester City,0,1
2024-02-25,Premier League,Chelsea,Southampton,4,0
2024-02-25,Premier League,Brighton,Bournemouth,2,1
2024-02-25,Premier League,Crystal Palace,Aston Villa,4,1
2024-02-25,Premier League,Wolves,Fulham,1,2
2024-02-23,Premier League,Manchester City,Liverpool,0,2
2024-02-23,Premier League,Newcastle,Nottingham Forest,4,3
2024-02-22,Premier League,Aston Villa,Chelsea,2,1
2024-02-22,Premier League,Arsenal,West Ham,0,1
2024-02-22,Premier League,Bournemouth,Wolves,0,1
2024-02-22,Premier League,Fulham,Crystal Palace,0,2
2024-02-22,Premier League,Ipswich,Tottenham,1,4
2024-02-22,Premier League,Southampton,Brighton,0,4
2024-02-22,Premier League,Everton,Manchester Utd,2,2
2024-02-21,Premier League,Leicester,Brentford,0,4
2024-02-19,Premier League,Aston Villa,Liverpool,2,2
2024-02-16,Premier League,Tottenham,Manchester Utd,1,0
2024-02-16,Premier League,Liverpool,Wolves,2,1
2024-02-15,Premier League,Crystal Palace,Everton,1,2
2024-02-15,Premier League,Aston Villa,Ipswich,1,1
2024-02-15,Premier League,Fulham,Nottingham Forest,2,1
2024-02-15,Premier League,Manchester City,Newcastle,4,0
2024-02-15,Premier League,Southampton,Bournemouth,1,3
2024-02-15,Premier League,West Ham,Brentford,0,1
2024-02-15,Premier League,Leicester,Arsenal,0,2
2024-02-14,Premier League,Brighton,Chelsea,3,0
2024-02-12,Premier League,Everton,Liverpool,2,2
2024-02-03,Premier League,Chelsea,West Ham,2,1
2024-02-02,Premier League,Arsenal,Manchester City,5,1
2024-02-02,Premier League,Brentford,Tottenham,0,2
2024-02-02,Premier League,Manchester Utd,Crystal Palace,0,2
2024-02-01,Premier League,Wolves,Aston Villa,2,0
2024-02-01,Premier League,Bournemouth,Liverpool,0,2
2024-02-01,Premier League,Everton,Leicester,4,0
2024-02-01,Premier League,Ipswich,Southampton,1,2
2024-02-01,Premier League,Newcastle,Fulham,1,2
2024-01-31,Premier League,Nottingham Forest,Brighton,7,0
2024-01-26,Premier League,Fulham,Manchester Utd,0,1
2024-01-26,Premier League,Aston Villa,West Ham,1,1
2024-01-26,Premier League,Crystal Palace,Brentford,1,2
2024-01-26,Premier League,Tottenham,Leicester,1,2
2024-01-25,Premier League,Manchester City,Chelsea,3,1
2024-01-25,Premier League,Bournemouth,Nottingham Forest,5,0
2024-01-25,Premier League,Brighton,Everton,0,1
2024-01-25,Premier League,Liverpool,Ipswich,4,1
2024-01-25,Premier League,Southampton,Newcastle,1,3
2024-01-25,Premier League,Wolves,Arsenal,0,1
2024-01-20,Premier League,Chelsea,Wolves,3,1
2024-01-19,Premier League,Ipswich,Manchester City,0,6
2024-01-19,Premier League,Everton,Tottenham,3,2
2024-01-19,Premier League,Manchester Utd,Brighton,1,3
2024-01-19,Premier League,Nottingham Forest,Southampton,3,2
2024-01-18,Premier League,Arsenal,Aston Villa,2,2
2024-01-18,Premier League,Brentford,Liverpool,0,2
2024-01-18,Premier League,Leicester,Fulham,0,2
2024-01-18,Premier League,West Ham,Crystal Palace,0,2
2024-01-18,Premier League,Newcastle,Bournemouth,1,4
2024-01-16,Premier League,Manchester Utd,Southampton,3,1
2024-01-16,Premier League,Ipswich,Brighton,0,2
2024-01-15,Premier League,Arsenal,Tottenham,2,1
2024-01-15,Premier League,Everton,Aston Villa,0,1
2024-01-15,Premier League,Leicester,Crystal Palace,0,2
2024-01-15,Premier League,Newcastle,Wolves,3,0
2024-01-14,Premier League,Nottingham Forest,Liverpool,1,1
2024-01-14,Premier League,Brentford,Manchester City,2,2
2024-01-14,Premier League,Chelsea,Bournemouth,2,2
2024-01-14,Premier League,West Ham,Fulham,3,2
2024-01-06,Premier League,Wolves,Nottingham Forest,0,3
2024-01-05,Premier League,Liverpool,Manchester Utd,2,2
2024-01-05,Premier League,Fulham,Ipswich,2,2
2024-01-04,Premier League,Brighton,Arsenal,1,1
2024-01-04,Premier League,Aston Villa,Leicester,2,1
2024-01-04,Premier League,Bournemouth,Everton,1,0
2024-01-04,Premier League,Crystal Palace,Chelsea,1,1
2024-01-04,Premier League,Manchester City,West Ham,4,1
2024-01-04,Premier League,Southampton,Brentford,0,5
2024-01-04,Premier League,Tottenham,Newcastle,1,2
2024-01-01,Premier League,Brentford,Arsenal,1,3
2023-12-30,Premier League,Manchester Utd,Newcastle,0,2
2023-12-30,Premier League,Aston Villa,Brighton,2,2
2023-12-30,Premier League,Ipswich,Chelsea,2,0
2023-12-29,Premier League,West Ham,Liverpool,0,5
2023-12-29,Premier League,Crystal Palace,Southampton,2,1
2023-12-29,Premier League,Everton,Nottingham Forest,0,2
2023-12-29,Premier League,Fulham,Bournemouth,2,2
2023-12-29,Premier League,Tottenham,Wolves,2,2
2023-12-29,Premier League,Leicester,Manchester City,0,2
2023-12-27,Premier League,Arsenal,Ipswich,1,0
2023-12-27,Premier League,Brighton,Brentford,0,0
2023-12-26,Premier League,Liverpool,Leicester,3,1
2023-12-26,Premier League,Wolves,Manchester Utd,2,0
2023-12-26,Premier League,Bournemouth,Crystal Palace,0,0
2023-12-26,Premier League,Chelsea,Fulham,1,2
2023-12-26,Premier League,Newcastle,Aston Villa,3,0
2023-12-26,Premier League,Nottingham Forest,Tottenham,1,0
2023-12-26,Premier League,Southampton,West Ham,0,1
2023-12-26,Premier League,Manchester City,Everton,1,1
2023-12-22,Premier League,Tottenham,Liverpool,3,6
2023-12-22,Premier League,Everton,Chelsea,0,0
2023-12-22,Premier League,Fulham,Southampton,0,0
2023-12-22,Premier League,Leicester,Wolves,0,3
2023-12-22,Premier League,Manchester Utd,Bournemouth,0,3
2023-12-21,Premier League,Crystal Palace,Arsenal,1,5
2023-12-21,Premier League,Brentford,Nottingham Forest,0,2
2023-12-21,Premier League,Ipswich,Newcastle,0,4
2023-12-21,Premier League,West Ham,Brighton,1,1
2023-12-21,Premier League,Aston Villa,Manchester City,2,1
2023-12-16,Premier League,Bournemouth,West Ham,1,1
2023-12-15,Premier League,Chelsea,Brentford,2,1
2023-12-15,Premier League,Southampton,Tottenham,0,5
2023-12-15,Premier League,Manchester City,Manchester Utd,1,2
2023-12-15,Premier League,Brighton,Crystal Palace,1,3
2023-12-14,Premier League,Nottingham Forest,Aston Villa,2,1
2023-12-14,Premier League,Arsenal,Everton,0,0
2023-12-14,Premier League,Liverpool,Fulham,2,2
2023-12-14,Premier League,Newcastle,Leicester,4,0
2023-12-14,Premier League,Wolves,Ipswich,1,2
2023-12-09,Premier League,West Ham,Wolves,2,1
2023-12-08,Premier League,Tottenham,Chelsea,3,4
2023-12-08,Premier League,Fulham,Arsenal,1,1
2023-12-08,Premier League,Ipswich,Bournemouth,1,2
2023-12-08,Premier League,Leicester,Brighton,2,2
2023-12-07,Premier League,Manchester Utd,Nottingham Forest,2,3
2023-12-07,Premier League,Aston Villa,Southampton,1,0
2023-12-07,Premier League,Brentford,Newcastle,4,2
2023-12-07,Premier League,Crystal Palace,Manchester City,2,2
2023-12-05,Premier League,Bournemouth,Tottenham,1,0
2023-12-05,Premier League,Fulham,Brighton,3,1
2023-12-04,Premier League,Arsenal,Manchester Utd,2,0
2023-12-04,Premier League,Aston Villa,Brentford,3,1
2023-12-04,Premier League,Everton,Wolves,4,0
2023-12-04,Premier League,Manchester City,Nottingham Forest,3,0
2023-12-04,Premier League,Newcastle,Liverpool,3,3
2023-12-04,Premier League,Southampton,Chelsea,1,5
2023-12-03,Premier League,Leicester,West Ham,3,1
2023-12-03,Premier League,Ipswich,Crystal Palace,0,1
2023-12-01,Premier League,Liverpool,Manchester City,2,0
2023-12-01,Premier League,Chelsea,Aston Villa,3,0
2023-12-01,Premier League,Manchester Utd,Everton,4,0
2023-12-01,Premier League,Tottenham,Fulham,1,1
2023-11-30,Premier League,West Ham,Arsenal,2,5
2023-11-30,Premier League,Brentford,Leicester,4,1
2023-11-30,Premier League,Crystal Palace,Newcastle,1,1
2023-11-30,Premier League,Nottingham Forest,Ipswich,1,0
2023-11-30,Premier League,Wolves,Bournemouth,2,4
2023-11-29,Premier League,Brighton,Southampton,1,1
2023-11-25,Premier League,Newcastle,West Ham,0,2
2023-11-24,Premier League,Ipswich,Manchester Utd,1,1
2023-11-24,Premier League,Southampton,Liverpool,2,3
2023-11-23,Premier League,Manchester City,Tottenham,0,4
2023-11-23,Premier League,Arsenal,Nottingham Forest,3,0
2023-11-23,Premier League,Aston Villa,Crystal Palace,2,2
2023-11-23,Premier League,Bournemouth,Brighton,1,2
2023-11-23,Premier League,Everton,Brentford,0,0
2023-11-23,Premier League,Fulham,Wolves,1,4
2023-11-23,Premier League,Leicester,Chelsea,1,2
2023-11-10,Premier League,Chelsea,Arsenal,1,1
2023-11-10,Premier League,Manchester Utd,Leicester,3,0
2023-11-10,Premier League,Nottingham Forest,Newcastle,1,3
2023-11-10,Premier League,Tottenham,Ipswich,1,2
2023-11-09,Premier League,Liverpool,Aston Villa,2,0
2023-11-09,Premier League,Brighton,Manchester City,2,1
2023-11-09,Premier League,Brentford,Bournemouth,3,2
2023-11-09,Premier League,Crystal Palace,Fulham,0,2
2023-11-09,Premier League,West Ham,Everton,0,0
2023-11-09,Premier League,Wolves,Southampton,2,0
2023-11-04,Premier League,Fulham,Brentford,2,1
2023-11-03,Premier League,Manchester Utd,Chelsea,1,1
2023-11-03,Premier League,Tottenham,Aston Villa,4,1
2023-11-02,Premier League,Wolves,Crystal Palace,2,2
2023-11-02,Premier League,Bournemouth,Manchester City,2,1
2023-11-02,Premier League,Ipswich,Leicester,1,1
2023-11-02,Premier League,Liverpool,Brighton,2,1
2023-11-02,Premier League,Nottingham Forest,West Ham,3,0
2023-11-02,Premier League,Southampton,Everton,1,0
2023-11-01,Premier League,Newcastle,Arsenal,1,0
2023-10-27,Premier League,Arsenal,Liverpool,2,2
2023-10-27,Premier League,Chelsea,Newcastle,2,1
2023-10-27,Premier League,Crystal Palace,Tottenham,1,0
2023-10-27,Premier League,West Ham,Manchester Utd,2,1
2023-10-26,Premier League,Everton,Fulham,1,1
2023-10-26,Premier League,Aston Villa,Bournemouth,1,1
2023-10-26,Premier League,Brentford,Ipswich,4,3
2023-10-26,Premier League,Brighton,Wolves,2,2
2023-10-26,Premier League,Manchester City,Southampton,1,0
2023-10-25,Premier League,Leicester,Nottingham Forest,1,3
2024-10-21,Premier League,Nottingham Forest,Crystal Palace,1,0
2024-10-20,Premier League,Liverpool,Chelsea,2,1
2024-10-20,Premier League,Wolves,Manchester City,1,2
2024-10-19,Premier League,Bournemouth,Arsenal,2,0
2024-10-19,Premier League,Fulham,Aston Villa,1,3
2024-10-19,Premier League,Ipswich,Everton,0,2
2024-10-19,Premier League,Manchester Utd,Brentford,2,1
2024-10-19,Premier League,Newcastle,Brighton,0,1
2024-10-19,Premier League,Southampton,Leicester,2,3
2024-10-19,Premier League,Tottenham,West Ham,4,1
2024-09-15,Premier League,Brighton,Tottenham,3,2
2024-09-15,Premier League,Aston Villa,Manchester Utd,0,0
2024-09-15,Premier League,Chelsea,Nottingham Forest,1,1
2024-09-15,Premier League,Everton,Newcastle,0,0
2024-09-14,Premier League,Arsenal,Southampton,3,1
2024-09-14,Premier League,Bournemouth,Leicester,2,2
2024-09-14,Premier League,Crystal Palace,Wolves,1,1
2024-09-14,Premier League,Fulham,West Ham,1,1
2024-09-14,Premier League,Liverpool,Brentford,2,1
2024-09-14,Premier League,Manchester City,Ipswich,4,1
2024-09-14,Premier League,Nottingham Forest,Tottenham,1,0
2024-09-14,Premier League,Southampton,Brighton,0,3
2024-09-14,Premier League,Tottenham,Arsenal,0,1
2024-09-14,Premier League,West Ham,Chelsea,2,2
2024-09-14,Premier League,Wolves,Fulham,2,2
2024-09-14,Premier League,Leicester,Liverpool,0,3
2024-09-14,Premier League,Newcastle,Manchester Utd,1,1
2024-09-14,Premier League,Everton,Aston Villa,0,1
2024-09-14,Premier League,Brighton,Crystal Palace,0,0
2024-09-14,Premier League,Brentford,Southampton,1,2
2024-09-14,Premier League,Ipswich,West Ham,1,2





2024-05-29,FR Ligue 1,Reims,Metz,1,3
2024-05-21,FR Ligue 1,Metz,Reims,1,1
2024-05-17,FR Ligue 1,Estrasburgo,Le Havre,2,3
2024-05-17,FR Ligue 1,Lens,Mónaco,4,0
2024-05-17,FR Ligue 1,Lille,Reims,2,1
2024-05-17,FR Ligue 1,Lyon,Angers,2,0
2024-05-17,FR Ligue 1,Marsella,Stade Rennais,4,2
2024-05-17,FR Ligue 1,Nantes,Montpellier,3,0
2024-05-17,FR Ligue 1,Niza,Brest,6,0
2024-05-17,FR Ligue 1,PSG,Auxerre,3,1
2024-05-17,FR Ligue 1,Saint-Étienne,Toulouse,2,3
2024-05-17,FR Ligue 1,Metz,Dunkerque,1,0
2024-05-14,FR Ligue 1,Dunkerque,EA Guingamp,1,0
2024-05-10,FR Ligue 1,Angers,Estrasburgo,2,1
2024-05-10,FR Ligue 1,Auxerre,Nantes,1,1
2024-05-10,FR Ligue 1,Brest,Lille,2,0
2024-05-10,FR Ligue 1,Le Havre,Marsella,1,3
2024-05-10,FR Ligue 1,Mónaco,Lyon,2,0
2024-05-10,FR Ligue 1,Montpellier,PSG,1,4
2024-05-10,FR Ligue 1,Reims,Saint-Étienne,0,2
2024-05-10,FR Ligue 1,Stade Rennais,Niza,2,0
2024-05-10,FR Ligue 1,Toulouse,Lens,1,1
2024-05-04,FR Ligue 1,Lille,Marsella,1,1
2024-05-04,FR Ligue 1,Auxerre,Le Havre,1,2
2024-05-04,FR Ligue 1,Brest,Montpellier,1,0
2024-05-04,FR Ligue 1,Lyon,Lens,1,2
2024-05-04,FR Ligue 1,Nantes,Angers,0,1
2024-05-03,FR Ligue 1,Saint-Étienne,Mónaco,1,3
2024-05-03,FR Ligue 1,Toulouse,Stade Rennais,2,1
2024-05-03,FR Ligue 1,Estrasburgo,PSG,2,1
2024-05-02,FR Ligue 1,Niza,Reims,1,0
2024-04-27,FR Ligue 1,Marsella,Brest,4,1
2024-04-27,FR Ligue 1,Lens,Auxerre,0,4
2024-04-27,FR Ligue 1,Montpellier,Reims,0,0
2024-04-27,FR Ligue 1,Nantes,Toulouse,0,0
2024-04-27,FR Ligue 1,Angers,Lille,0,2
2024-04-26,FR Ligue 1,Lyon,Stade Rennais,4,1
2024-04-26,FR Ligue 1,Le Havre,Mónaco,1,1
2024-04-26,FR Ligue 1,Estrasburgo,Saint-Étienne,3,1
2024-04-25,FR Ligue 1,PSG,Niza,1,3
2024-04-22,FR Ligue 1,Nantes,PSG,1,1
2024-04-20,FR Ligue 1,Saint-Étienne,Lyon,2,1
2024-04-20,FR Ligue 1,Brest,Lens,1,3
2024-04-20,FR Ligue 1,Niza,Angers,2,1
2024-04-20,FR Ligue 1,Reims,Toulouse,1,0
2024-04-20,FR Ligue 1,Lille,Auxerre,3,1
2024-04-19,FR Ligue 1,Marsella,Montpellier,5,1
2024-04-19,FR Ligue 1,Mónaco,Estrasburgo,0,0
2024-04-19,FR Ligue 1,PSG,Le Havre,2,1
2024-04-18,FR Ligue 1,Stade Rennais,Nantes,2,1
2024-04-13,FR Ligue 1,Auxerre,Lyon,1,3
2024-04-13,FR Ligue 1,Angers,Montpellier,2,0
2024-04-13,FR Ligue 1,Le Havre,Stade Rennais,1,5
2024-04-13,FR Ligue 1,Saint-Étienne,Brest,3,3
2024-04-12,FR Ligue 1,Estrasburgo,Niza,2,2
2024-04-12,FR Ligue 1,Toulouse,Lille,1,2
2024-04-12,FR Ligue 1,Mónaco,Marsella,3,0
2024-04-11,FR Ligue 1,Lens,Reims,0,2
2024-04-06,FR Ligue 1,Marsella,Toulouse,3,2
2024-04-06,FR Ligue 1,Montpellier,Le Havre,0,2
2024-04-06,FR Ligue 1,Reims,Estrasburgo,0,1
2024-04-06,FR Ligue 1,Stade Rennais,Auxerre,0,1
2024-04-06,FR Ligue 1,Lens,Saint-Étienne,1,0
2024-04-05,FR Ligue 1,Lyon,Lille,2,1
2024-04-05,FR Ligue 1,Brest,Mónaco,2,1
2024-04-05,FR Ligue 1,PSG,Angers,1,0
2024-04-04,FR Ligue 1,Niza,Nantes,1,2
2024-03-30,FR Ligue 1,Lille,Lens,1,0
2024-03-30,FR Ligue 1,Angers,Stade Rennais,0,3
2024-03-30,FR Ligue 1,Auxerre,Montpellier,1,0
2024-03-30,FR Ligue 1,Le Havre,Nantes,3,2
2024-03-30,FR Ligue 1,Toulouse,Brest,2,4
2024-03-29,FR Ligue 1,Mónaco,Niza,2,1
2024-03-29,FR Ligue 1,Saint-Étienne,PSG,1,6
2024-03-29,FR Ligue 1,Reims,Marsella,3,1
2024-03-28,FR Ligue 1,Estrasburgo,Lyon,4,2
2024-03-16,FR Ligue 1,PSG,Marsella,3,1
2024-03-16,FR Ligue 1,Brest,Reims,0,0
2024-03-16,FR Ligue 1,Estrasburgo,Toulouse,2,1
2024-03-16,FR Ligue 1,Montpellier,Saint-Étienne,0,2
2024-03-16,FR Ligue 1,Lyon,Le Havre,4,2
2024-03-15,FR Ligue 1,Lens,Stade Rennais,1,0
2024-03-15,FR Ligue 1,Angers,Mónaco,0,2
2024-03-15,FR Ligue 1,Nantes,Lille,1,0
2024-03-14,FR Ligue 1,Niza,Auxerre,1,1
2024-03-09,FR Ligue 1,Niza,Lyon,0,2
2024-03-09,FR Ligue 1,Le Havre,Saint-Étienne,1,1
2024-03-09,FR Ligue 1,Nantes,Estrasburgo,0,1
2024-03-09,FR Ligue 1,Reims,Auxerre,0,2
2024-03-09,FR Ligue 1,Brest,Angers,2,0
2024-03-08,FR Ligue 1,Marsella,Lens,0,1
2024-03-08,FR Ligue 1,Lille,Montpellier,1,0
2024-03-08,FR Ligue 1,Stade Rennais,PSG,1,4
2024-03-07,FR Ligue 1,Toulouse,Mónaco,1,1
2024-03-02,FR Ligue 1,Marsella,Nantes,2,0
2024-03-02,FR Ligue 1,Angers,Toulouse,0,4
2024-03-02,FR Ligue 1,Auxerre,Estrasburgo,0,1
2024-03-02,FR Ligue 1,Montpellier,Stade Rennais,0,4
2024-03-02,FR Ligue 1,Lyon,Brest,2,1
2024-03-01,FR Ligue 1,PSG,Lille,4,1
2024-03-01,FR Ligue 1,Lens,Le Havre,3,4
2024-03-01,FR Ligue 1,Saint-Étienne,Niza,1,3
2024-02-28,FR Ligue 1,Mónaco,Reims,3,0
2024-02-23,FR Ligue 1,Lyon,PSG,2,3
2024-02-23,FR Ligue 1,Estrasburgo,Brest,0,0
2024-02-23,FR Ligue 1,Le Havre,Toulouse,1,4
2024-02-23,FR Ligue 1,Niza,Montpellier,2,0
2024-02-23,FR Ligue 1,Nantes,Lens,3,1
2024-02-22,FR Ligue 1,Auxerre,Marsella,3,0
2024-02-22,FR Ligue 1,Saint-Étienne,Angers,3,3
2024-02-22,FR Ligue 1,Lille,Mónaco,2,1
2024-02-21,FR Ligue 1,Stade Rennais,Reims,2,1
2024-02-16,FR Ligue 1,Stade Rennais,Lille,0,2
2024-02-16,FR Ligue 1,Le Havre,Niza,1,3
2024-02-16,FR Ligue 1,Lens,Estrasburgo,0,2
2024-02-16,FR Ligue 1,Reims,Angers,0,1
2024-02-16,FR Ligue 1,Montpellier,Lyon,1,4
2024-02-15,FR Ligue 1,Toulouse,PSG,0,1
2024-02-15,FR Ligue 1,Mónaco,Nantes,7,1
2024-02-15,FR Ligue 1,Marsella,Saint-Étienne,5,1
2024-02-14,FR Ligue 1,Brest,Auxerre,2,2
2024-02-09,FR Ligue 1,Angers,Marsella,0,2
2024-02-09,FR Ligue 1,Auxerre,Toulouse,2,2
2024-02-09,FR Ligue 1,Estrasburgo,Montpellier,2,0
2024-02-09,FR Ligue 1,Lyon,Reims,4,0
2024-02-08,FR Ligue 1,Saint-Étienne,Stade Rennais,0,2
2024-02-08,FR Ligue 1,Lille,Le Havre,1,2
2024-02-08,FR Ligue 1,Niza,Lens,2,0
2024-02-07,FR Ligue 1,PSG,Mónaco,4,1
2024-02-07,FR Ligue 1,Nantes,Brest,0,2
2024-02-02,FR Ligue 1,Marsella,Lyon,3,2
2024-02-02,FR Ligue 1,Angers,Le Havre,1,1
2024-02-02,FR Ligue 1,Reims,Nantes,1,2
2024-02-02,FR Ligue 1,Stade Rennais,Estrasburgo,1,0
2024-02-02,FR Ligue 1,Toulouse,Niza,1,1
2024-02-01,FR Ligue 1,Lille,Saint-Étienne,4,1
2024-02-01,FR Ligue 1,Mónaco,Auxerre,4,2
2024-02-01,FR Ligue 1,Brest,PSG,2,5
2024-01-31,FR Ligue 1,Montpellier,Lens,0,2
2024-01-26,FR Ligue 1,Niza,Marsella,2,0
2024-01-26,FR Ligue 1,Lens,Angers,1,0
2024-01-26,FR Ligue 1,Nantes,Lyon,1,1
2024-01-26,FR Ligue 1,Toulouse,Montpellier,1,2
2024-01-26,FR Ligue 1,Le Havre,Brest,0,1
2024-01-25,FR Ligue 1,PSG,Reims,1,1
2024-01-25,FR Ligue 1,Estrasburgo,Lille,2,1
2024-01-25,FR Ligue 1,Mónaco,Stade Rennais,3,2
2024-01-24,FR Ligue 1,Auxerre,Saint-Étienne,1,1
2024-01-19,FR Ligue 1,Marsella,Estrasburgo,1,1
2024-01-19,FR Ligue 1,Angers,Auxerre,2,0
2024-01-19,FR Ligue 1,Reims,Le Havre,1,1
2024-01-19,FR Ligue 1,Saint-Étienne,Nantes,1,1
2024-01-18,FR Ligue 1,Lyon,Toulouse,0,0
2024-01-18,FR Ligue 1,Stade Rennais,Brest,1,2
2024-01-18,FR Ligue 1,Lens,PSG,1,2
2024-01-17,FR Ligue 1,Lille,Niza,2,1
2024-01-17,FR Ligue 1,Montpellier,Mónaco,2,1
2024-01-12,FR Ligue 1,PSG,Saint-Étienne,2,1
2024-01-12,FR Ligue 1,Montpellier,Angers,1,3
2024-01-12,FR Ligue 1,Toulouse,Estrasburgo,1,2
2024-01-12,FR Ligue 1,Le Havre,Lens,1,2
2024-01-11,FR Ligue 1,Stade Rennais,Marsella,1,2
2024-01-11,FR Ligue 1,Reims,Niza,2,4
2024-01-11,FR Ligue 1,Brest,Lyon,2,1
2024-01-10,FR Ligue 1,Auxerre,Lille,0,0
2024-01-10,FR Ligue 1,Nantes,Mónaco,2,2
2024-01-05,FR Ligue 1,Marsella,Le Havre,5,1
2024-01-05,FR Ligue 1,Angers,Brest,2,0
2024-01-05,FR Ligue 1,Estrasburgo,Auxerre,3,1
2024-01-05,FR Ligue 1,Lens,Toulouse,0,1
2024-01-04,FR Ligue 1,Lyon,Montpellier,1,0
2024-01-04,FR Ligue 1,Lille,Nantes,1,1
2024-01-04,FR Ligue 1,Saint-Étienne,Reims,3,1
2024-01-03,FR Ligue 1,Niza,Stade Rennais,3,2
2023-12-18,FR Ligue 1,Mónaco,PSG,2,4
2023-12-15,FR Ligue 1,PSG,Lyon,3,1
2023-12-15,FR Ligue 1,Brest,Nantes,4,1
2023-12-15,FR Ligue 1,Le Havre,Estrasburgo,0,3
2023-12-15,FR Ligue 1,Stade Rennais,Angers,2,0
2023-12-15,FR Ligue 1,Montpellier,Niza,2,2
2023-12-14,FR Ligue 1,Reims,Mónaco,0,0
2023-12-14,FR Ligue 1,Auxerre,Lens,2,2
2023-12-14,FR Ligue 1,Marsella,Lille,1,1
2023-12-13,FR Ligue 1,Toulouse,Saint-Étienne,2,1
2023-12-08,FR Ligue 1,Saint-Étienne,Marsella,0,2
2023-12-08,FR Ligue 1,Estrasburgo,Reims,0,0
2023-12-08,FR Ligue 1,Nantes,Stade Rennais,1,0
2023-12-08,FR Ligue 1,Lens,Montpellier,2,0
2023-12-07,FR Ligue 1,Angers,Lyon,0,3
2023-12-07,FR Ligue 1,Niza,Le Havre,2,1
2023-12-07,FR Ligue 1,Mónaco,Toulouse,2,0
2023-12-06,FR Ligue 1,Auxerre,PSG,0,0
2023-12-06,FR Ligue 1,Lille,Brest,3,1
2023-12-01,FR Ligue 1,Marsella,Mónaco,2,1
2023-12-01,FR Ligue 1,Le Havre,Angers,0,1
2023-12-01,FR Ligue 1,Lyon,Niza,4,1
2023-12-01,FR Ligue 1,Toulouse,Auxerre,2,0
2023-12-01,FR Ligue 1,Montpellier,Lille,2,2
2023-11-30,FR Ligue 1,PSG,Nantes,1,1
2023-11-30,FR Ligue 1,Brest,Estrasburgo,3,1
2023-11-30,FR Ligue 1,Stade Rennais,Saint-Étienne,5,0
2023-11-29,FR Ligue 1,Reims,Lens,0,2
2023-11-24,FR Ligue 1,Niza,Estrasburgo,2,1
2023-11-24,FR Ligue 1,Auxerre,Angers,1,0
2023-11-24,FR Ligue 1,Nantes,Le Havre,0,2
2023-11-24,FR Ligue 1,Lille,Stade Rennais,1,0
2023-11-23,FR Ligue 1,Reims,Lyon,1,1
2023-11-23,FR Ligue 1,Saint-Étienne,Montpellier,1,0
2023-11-23,FR Ligue 1,Lens,Marsella,1,3
2023-11-22,FR Ligue 1,PSG,Toulouse,3,0
2023-11-22,FR Ligue 1,Mónaco,Brest,3,2
2023-11-10,FR Ligue 1,Lyon,Saint-Étienne,1,0
2023-11-10,FR Ligue 1,Le Havre,Reims,0,3
2023-11-10,FR Ligue 1,Montpellier,Brest,3,1
2023-11-10,FR Ligue 1,Stade Rennais,Toulouse,0,2
2023-11-10,FR Ligue 1,Niza,Lille,2,2
2023-11-09,FR Ligue 1,Angers,PSG,2,4
2023-11-09,FR Ligue 1,Lens,Nantes,3,2
2023-11-09,FR Ligue 1,Estrasburgo,Mónaco,1,3
2023-11-08,FR Ligue 1,Marsella,Auxerre,1,3
2023-11-03,FR Ligue 1,Nantes,Marsella,1,2
2023-11-03,FR Ligue 1,Auxerre,Stade Rennais,4,0
2023-11-03,FR Ligue 1,Le Havre,Montpellier,1,0
2023-11-03,FR Ligue 1,Toulouse,Reims,1,0
2023-11-02,FR Ligue 1,Saint-Étienne,Estrasburgo,2,0
2023-11-02,FR Ligue 1,Brest,Niza,0,1
2023-11-02,FR Ligue 1,PSG,Lens,1,0
2023-11-01,FR Ligue 1,Lille,Lyon,1,1
2023-11-01,FR Ligue 1,Mónaco,Angers,0,1
2023-10-27,FR Ligue 1,Marsella,PSG,0,3
2023-10-27,FR Ligue 1,Estrasburgo,Nantes,3,1
2023-10-27,FR Ligue 1,Montpellier,Toulouse,0,3
2023-10-27,FR Ligue 1,Niza,Mónaco,2,1
2023-10-27,FR Ligue 1,Lyon,Auxerre,2,2
2023-10-26,FR Ligue 1,Lens,Lille,0,2
2023-10-26,FR Ligue 1,Reims,Brest,1,2
2023-10-26,FR Ligue 1,Angers,Saint-Étienne,4,2
2023-10-25,FR Ligue 1,Stade Rennais,Le Havre,1,0
2023-10-20,FR Ligue 1,Montpellier,Marsella,0,5
2023-10-20,FR Ligue 1,Auxerre,Reims,2,1
2023-10-20,FR Ligue 1,Nantes,Niza,1,1
2023-10-20,FR Ligue 1,Toulouse,Angers,1,1
2023-10-20,FR Ligue 1,Le Havre,Lyon,0,4
2023-10-19,FR Ligue 1,PSG,Estrasburgo,4,2
2023-10-19,FR Ligue 1,Saint-Étienne,Lens,0,2
2023-10-19,FR Ligue 1,Brest,Stade Rennais,1,1
2023-10-18,FR Ligue 1,Mónaco,Lille,0,0
2023-10-06,FR Ligue 1,Niza,PSG,1,1
2023-10-06,FR Ligue 1,Brest,Le Havre,2,0
2023-10-06,FR Ligue 1,Estrasburgo,Lens,2,2
2023-10-06,FR Ligue 1,Reims,Montpellier,4,2
2023-10-06,FR Ligue 1,Lyon,Nantes,2,0
2023-10-05,FR Ligue 1,Stade Rennais,Mónaco,1,2
2023-10-05,FR Ligue 1,Lille,Toulouse,2,1
2023-10-05,FR Ligue 1,Saint-Étienne,Auxerre,3,1
2023-10-04,FR Ligue 1,Marsella,Angers,1,1
2023-09-29,FR Ligue 1,Estrasburgo,Marsella,1,0
2023-09-29,FR Ligue 1,Angers,Reims,1,3
2023-09-29,FR Ligue 1,Nantes,Saint-Étienne,2,2
2023-09-29,FR Ligue 1,Toulouse,Lyon,1,2
2023-09-28,FR Ligue 1,Mónaco,Montpellier,2,1
2023-09-28,FR Ligue 1,Le Havre,Lille,0,3
2023-09-28,FR Ligue 1,Lens,Niza,0,0
2023-09-27,FR Ligue 1,PSG,Stade Rennais,3,1
2023-09-27,FR Ligue 1,Auxerre,Brest,3,0
2023-09-22,FR Ligue 1,Lyon,Marsella,2,3
2023-09-22,FR Ligue 1,Angers,Nantes,1,1
2023-09-22,FR Ligue 1,Brest,Toulouse,2,0
2023-09-22,FR Ligue 1,Montpellier,Auxerre,3,2
2023-09-22,FR Ligue 1,Mónaco,Le Havre,3,1
2023-09-21,FR Ligue 1,Reims,PSG,1,1
2023-09-21,FR Ligue 1,Stade Rennais,Lens,1,1
2023-09-21,FR Ligue 1,Lille,Estrasburgo,3,3
2023-09-20,FR Ligue 1,Niza,Saint-Étienne,8,0
2023-09-15,FR Ligue 1,Lens,Lyon,0,0
2023-09-15,FR Ligue 1,Estrasburgo,Angers,1,1
2023-09-15,FR Ligue 1,Nantes,Reims,1,2
2023-09-15,FR Ligue 1,Toulouse,Le Havre,2,0
2023-09-15,FR Ligue 1,Stade Rennais,Montpellier,3,0
2023-09-14,FR Ligue 1,PSG,Brest,3,1
2023-09-14,FR Ligue 1,Auxerre,Mónaco,0,3
2023-09-14,FR Ligue 1,Marsella,Niza,2,0
2023-09-13,FR Ligue 1,Saint-Étienne,Lille,1,0
2023-09-01,FR Ligue 1,Lille,PSG,1,3
2023-09-01,FR Ligue 1,Angers,Niza,1,4
2023-09-01,FR Ligue 1,Le Havre,Auxerre,3,1
2023-09-01,FR Ligue 1,Reims,Stade Rennais,2,1
2023-09-01,FR Ligue 1,Mónaco,Lens,1,1
2023-08-31,FR Ligue 1,Toulouse,Marsella,1,3
2023-08-31,FR Ligue 1,Montpellier,Nantes,1,3
2023-08-31,FR Ligue 1,Brest,Saint-Étienne,4,0
2023-08-30,FR Ligue 1,Lyon,Estrasburgo,4,3
2023-08-25,FR Ligue 1,Marsella,Reims,2,2
2023-08-25,FR Ligue 1,Estrasburgo,Stade Rennais,3,1
2023-08-25,FR Ligue 1,Nantes,Auxerre,2,0
2023-08-25,FR Ligue 1,Niza,Toulouse,1,1
2023-08-25,FR Ligue 1,Lens,Brest,2,0
2023-08-24,FR Ligue 1,Saint-Étienne,Le Havre,0,2
2023-08-24,FR Ligue 1,Lille,Angers,2,0
2023-08-24,FR Ligue 1,Lyon,Mónaco,0,2
2023-08-23,FR Ligue 1,PSG,Montpellier,6,0
2023-08-18,FR Ligue 1,Stade Rennais,Lyon,3,0
2023-08-18,FR Ligue 1,Angers,Lens,0,1
2023-08-18,FR Ligue 1,Montpellier,Estrasburgo,1,1
2023-08-18,FR Ligue 1,Toulouse,Nantes,0,0
2023-08-18,FR Ligue 1,Auxerre,Niza,2,1
2023-08-17,FR Ligue 1,Mónaco,Saint-Étienne,1,0
2023-08-17,FR Ligue 1,Reims,Lille,0,2
2023-08-17,FR Ligue 1,Brest,Marsella,1,5
2023-08-16,FR Ligue 1,Le Havre,PSG,1,4




2024-05-25,Serie A,Atalanta,Parma,2,3
2024-05-25,Serie A,Empoli,Verona,1,2
2024-05-25,Serie A,Lazio,Lecce,0,1
2024-05-25,Serie A,Torino,Roma,0,2
2024-05-25,Serie A,Udinese,Fiorentina,2,3
2024-05-25,Serie A,Venezia,Juventus,2,3
2024-05-24,Serie A,AC Milan,Monza,2,0
2024-05-24,Serie A,Bolonia,Genoa,1,3
2024-05-23,Serie A,Como,Inter,0,2
2024-05-23,Serie A,Nápoles,Cagliari,2,0
2024-05-18,Serie A,Cagliari,Venezia,3,0
2024-05-18,Serie A,Fiorentina,Bolonia,3,2
2024-05-18,Serie A,Inter,Lazio,2,2
2024-05-18,Serie A,Juventus,Udinese,2,0
2024-05-18,Serie A,Lecce,Torino,1,0
2024-05-18,Serie A,Monza,Empoli,1,3
2024-05-18,Serie A,Parma,Nápoles,0,0
2024-05-18,Serie A,Roma,AC Milan,3,1
2024-05-18,Serie A,Verona,Como,1,1
2024-05-17,Serie A,Genoa,Atalanta,2,3
2024-05-12,Serie A,Atalanta,Roma,2,1
2024-05-12,Serie A,Venezia,Fiorentina,2,1
2024-05-11,Serie A,Nápoles,Genoa,2,2
2024-05-11,Serie A,Torino,Inter,0,2
2024-05-11,Serie A,Verona,Lecce,1,1
2024-05-11,Serie A,Udinese,Monza,1,2
2024-05-10,Serie A,Empoli,Parma,2,1
2024-05-10,Serie A,Lazio,Juventus,1,1
2024-05-10,Serie A,Como,Cagliari,3,1
2024-05-09,Serie A,AC Milan,Bolonia,3,1
2024-05-05,Serie A,Genoa,AC Milan,1,2
2024-05-04,Serie A,Bolonia,Juventus,1,1
2024-05-04,Serie A,Roma,Fiorentina,1,0
2024-05-04,Serie A,Monza,Atalanta,0,4
2024-05-04,Serie A,Empoli,Lazio,0,1
2024-05-03,Serie A,Inter,Verona,1,0
2024-05-03,Serie A,Lecce,Nápoles,0,1
2024-05-03,Serie A,Cagliari,Udinese,1,2
2024-05-03,Serie A,Parma,Como,0,1
2024-05-02,Serie A,Torino,Venezia,1,1
2024-04-28,Serie A,Lazio,Parma,2,2
2024-04-28,Serie A,Verona,Cagliari,0,2
2024-04-28,Serie A,Udinese,Bolonia,0,0
2024-04-27,Serie A,Atalanta,Lecce,1,1
2024-04-27,Serie A,Nápoles,Torino,2,0
2024-04-27,Serie A,Juventus,Monza,2,0
2024-04-27,Serie A,Fiorentina,Empoli,2,1
2024-04-27,Serie A,Inter,Roma,0,1
2024-04-27,Serie A,Como,Genoa,1,0
2024-04-27,Serie A,Venezia,AC Milan,0,2
2024-04-23,Serie A,Cagliari,Fiorentina,1,2
2024-04-23,Serie A,Genoa,Lazio,0,2
2024-04-23,Serie A,Parma,Juventus,1,0
2024-04-23,Serie A,Torino,Udinese,2,0
2024-04-20,Serie A,AC Milan,Atalanta,0,1
2024-04-20,Serie A,Bolonia,Inter,1,0
2024-04-20,Serie A,Empoli,Venezia,2,2
2024-04-19,Serie A,Roma,Verona,1,0
2024-04-19,Serie A,Monza,Nápoles,0,1
2024-04-19,Serie A,Lecce,Como,0,3
2024-04-14,Serie A,Nápoles,Empoli,3,0
2024-04-13,Serie A,Lazio,Roma,1,1
2024-04-13,Serie A,Como,Torino,1,0
2024-04-13,Serie A,Fiorentina,Parma,0,0
2024-04-13,Serie A,Verona,Genoa,0,0
2024-04-13,Serie A,Atalanta,Bolonia,2,0
2024-04-12,Serie A,Juventus,Lecce,2,1
2024-04-12,Serie A,Inter,Cagliari,3,1
2024-04-12,Serie A,Venezia,Monza,1,0
2024-04-11,Serie A,Udinese,AC Milan,0,4
2024-04-07,Serie A,Bolonia,Nápoles,1,1
2024-04-06,Serie A,Roma,Juventus,1,1
2024-04-06,Serie A,Atalanta,Lazio,0,1
2024-04-06,Serie A,Empoli,Cagliari,0,0
2024-04-06,Serie A,Torino,Verona,1,1
2024-04-06,Serie A,Lecce,Venezia,1,1
2024-04-05,Serie A,AC Milan,Fiorentina,2,2
2024-04-05,Serie A,Parma,Inter,2,2
2024-04-05,Serie A,Monza,Como,1,3
2024-04-04,Serie A,Genoa,Udinese,1,0
2024-03-31,Serie A,Lazio,Torino,1,1
2024-03-31,Serie A,Verona,Parma,0,0
2024-03-30,Serie A,Nápoles,AC Milan,2,1
2024-03-30,Serie A,Inter,Udinese,2,1
2024-03-30,Serie A,Fiorentina,Atalanta,1,0
2024-03-30,Serie A,Cagliari,Monza,3,0
2024-03-29,Serie A,Lecce,Roma,0,1
2024-03-29,Serie A,Juventus,Genoa,1,0
2024-03-29,Serie A,Como,Empoli,1,1
2024-03-29,Serie A,Venezia,Bolonia,0,1
2024-03-16,Serie A,Atalanta,Inter,0,2
2024-03-16,Serie A,Fiorentina,Juventus,3,0
2024-03-16,Serie A,Roma,Cagliari,1,0
2024-03-16,Serie A,Bolonia,Lazio,5,0
2024-03-16,Serie A,Venezia,Nápoles,0,0
2024-03-15,Serie A,Torino,Empoli,1,0
2024-03-15,Serie A,AC Milan,Como,2,1
2024-03-15,Serie A,Monza,Parma,1,1
2024-03-15,Serie A,Udinese,Verona,0,1
2024-03-14,Serie A,Genoa,Lecce,2,1
2024-03-10,Serie A,Lazio,Udinese,1,1
2024-03-09,Serie A,Juventus,Atalanta,0,4
2024-03-09,Serie A,Empoli,Roma,0,1
2024-03-09,Serie A,Nápoles,Fiorentina,2,1
2024-03-09,Serie A,Verona,Bolonia,1,2
2024-03-08,Serie A,Inter,Monza,3,2
2024-03-08,Serie A,Lecce,AC Milan,2,3
2024-03-08,Serie A,Como,Venezia,1,1
2024-03-08,Serie A,Parma,Torino,2,2
2024-03-07,Serie A,Cagliari,Genoa,1,1
2024-03-03,Serie A,Juventus,Verona,2,0
2024-03-02,Serie A,AC Milan,Lazio,1,2
2024-03-02,Serie A,Roma,Como,2,1
2024-03-02,Serie A,Bolonia,Cagliari,2,1
2024-03-02,Serie A,Genoa,Empoli,1,1
2024-03-01,Serie A,Monza,Torino,0,2
2024-02-29,Serie A,Udinese,Parma,1,0
2024-02-28,Serie A,Nápoles,Inter,1,1
2024-02-28,Serie A,Atalanta,Venezia,0,0
2024-02-24,Serie A,Fiorentina,Lecce,1,0
2025-02-27,Serie A,Bolonia,AC Milan,2,1
2025-02-24,Serie A,Roma,Monza,4,0
2025-02-23,Serie A,Cagliari,Juventus,0,1
2025-02-23,Serie A,Empoli,Atalanta,0,5
2025-02-23,Serie A,Verona,Fiorentina,1,0
2025-02-23,Serie A,Como,Nápoles,2,1
2025-02-22,Serie A,Inter,Genoa,1,0
2025-02-22,Serie A,Torino,AC Milan,2,1
2025-02-22,Serie A,Parma,Bolonia,2,0
2025-02-22,Serie A,Venezia,Lazio,0,0
2025-02-21,Serie A,Lecce,Udinese,0,1
2025-02-17,Serie A,Genoa,Venezia,2,0
2025-02-16,Serie A,Juventus,Inter,1,0
2025-02-16,Serie A,Parma,Roma,0,1
2025-02-16,Serie A,Monza,Lecce,0,0
2025-02-16,Serie A,Udinese,Empoli,3,0
2025-02-16,Serie A,Fiorentina,Como,0,2
2025-02-15,Serie A,AC Milan,Verona,1,0
2025-02-15,Serie A,Lazio,Nápoles,2,2
2025-02-15,Serie A,Atalanta,Cagliari,0,0
2025-02-14,Serie A,Bolonia,Torino,3,2
2025-02-10,Serie A,Inter,Fiorentina,2,1
2025-02-09,Serie A,Nápoles,Udinese,1,1
2025-02-09,Serie A,Lecce,Bolonia,0,0
2025-02-09,Serie A,Cagliari,Parma,2,1
2025-02-09,Serie A,Lazio,Monza,5,1
2025-02-09,Serie A,Venezia,Roma,0,1
2025-02-08,Serie A,Torino,Genoa,1,1
2025-02-08,Serie A,Empoli,AC Milan,0,2
2025-02-08,Serie A,Verona,Atalanta,0,5
2025-02-07,Serie A,Como,Juventus,1,2
2025-02-06,Serie A,Fiorentina,Inter,3,0
2025-02-03,Serie A,Cagliari,Lazio,1,2
2025-02-02,Serie A,Roma,Nápoles,1,1
2025-02-02,Serie A,AC Milan,Inter,1,1
2025-02-02,Serie A,Fiorentina,Genoa,2,1
2025-02-02,Serie A,Juventus,Empoli,4,1
2025-02-01,Serie A,Bolonia,Como,2,0
2025-02-01,Serie A,Atalanta,Torino,1,1
2025-02-01,Serie A,Monza,Verona,0,1
2025-02-01,Serie A,Udinese,Venezia,3,2
2025-01-31,Serie A,Parma,Lecce,1,3
2025-01-27,Serie A,Genoa,Monza,2,0
2025-01-27,Serie A,Venezia,Verona,1,1
2025-01-26,Serie A,Lazio,Fiorentina,1,2
2025-01-26,Serie A,Lecce,Inter,0,4
2025-01-26,Serie A,Udinese,Roma,1,2
2025-01-26,Serie A,AC Milan,Parma,3,2
2025-01-25,Serie A,Empoli,Bolonia,1,1
2025-01-25,Serie A,Nápoles,Juventus,2,1
2025-01-25,Serie A,Como,Atalanta,1,2
2025-01-24,Serie A,Torino,Cagliari,2,0
2025-01-20,Serie A,Como,Udinese,4,1
2025-01-19,Serie A,Inter,Empoli,3,1
2025-01-19,Serie A,Verona,Lazio,0,3
2025-01-19,Serie A,Cagliari,Lecce,4,1
2025-01-19,Serie A,Parma,Venezia,1,1
2025-01-19,Serie A,Fiorentina,Torino,1,1
2025-01-18,Serie A,Atalanta,Nápoles,2,3
2025-01-18,Serie A,Juventus,AC Milan,2,0
2025-01-18,Serie A,Bolonia,Monza,3,1
2025-01-17,Serie A,Roma,Genoa,3,1
2025-01-15,Serie A,Inter,Bolonia,2,2
2025-01-14,Serie A,Atalanta,Juventus,1,1
2025-01-14,Serie A,Como,AC Milan,1,2
2025-01-13,Serie A,Monza,Fiorentina,2,1
2025-01-12,Serie A,Nápoles,Verona,2,0
2025-01-12,Serie A,Bolonia,Roma,2,2
2025-01-12,Serie A,Venezia,Inter,0,1
2025-01-12,Serie A,Genoa,Parma,1,0
2025-01-11,Serie A,AC Milan,Cagliari,1,1
2025-01-11,Serie A,Torino,Juventus,1,1
2025-01-11,Serie A,Empoli,Lecce,1,3
2025-01-11,Serie A,Udinese,Atalanta,0,0
2025-01-10,Serie A,Lazio,Como,1,1
2025-01-05,Serie A,Roma,Lazio,2,0
2025-01-05,Serie A,Torino,Parma,0,0
2025-01-05,Serie A,Lecce,Genoa,0,0
2025-01-05,Serie A,Monza,Cagliari,1,2
2025-01-04,Serie A,Verona,Udinese,0,0
2025-01-04,Serie A,Fiorentina,Nápoles,0,3
2025-01-04,Serie A,Venezia,Empoli,1,1
2024-12-30,Serie A,Bolonia,Verona,2,3
2024-12-30,Serie A,Como,Lecce,2,0
2024-12-29,Serie A,AC Milan,Roma,1,1
2024-12-29,Serie A,Juventus,Fiorentina,2,2
2024-12-29,Serie A,Nápoles,Venezia,1,0
2024-12-29,Serie A,Udinese,Torino,2,2
2024-12-28,Serie A,Lazio,Atalanta,1,1
2024-12-28,Serie A,Cagliari,Inter,0,3
2024-12-28,Serie A,Empoli,Genoa,1,2
2024-12-28,Serie A,Parma,Monza,2,1
2024-12-23,Serie A,Inter,Como,2,0
2024-12-23,Serie A,Fiorentina,Udinese,1,2
2024-12-22,Serie A,Monza,Juventus,1,2
2024-12-22,Serie A,Atalanta,Empoli,3,2
2024-12-22,Serie A,Venezia,Cagliari,2,1
2024-12-22,Serie A,Roma,Parma,5,0
2024-12-21,Serie A,Lecce,Lazio,1,2
2024-12-21,Serie A,Genoa,Nápoles,1,2
2024-12-21,Serie A,Torino,Bolonia,0,2
2024-12-20,Serie A,Verona,AC Milan,0,1
2024-12-16,Serie A,Lazio,Inter,0,6
2024-12-15,Serie A,AC Milan,Genoa,0,0
2024-12-15,Serie A,Como,Roma,2,0
2024-12-15,Serie A,Bolonia,Fiorentina,1,0
2024-12-15,Serie A,Parma,Verona,2,3
2024-12-15,Serie A,Lecce,Monza,2,1
2024-12-14,Serie A,Juventus,Venezia,2,2
2024-12-14,Serie A,Udinese,Nápoles,1,3
2024-12-14,Serie A,Cagliari,Atalanta,0,1
2024-12-14,Serie A,Empoli,Torino,0,1
2024-12-09,Serie A,Monza,Udinese,1,2
2024-12-08,Serie A,Nápoles,Lazio,0,1
2024-12-08,Serie A,Venezia,Como,2,2
2024-12-08,Serie A,Verona,Empoli,1,4
2024-12-08,Serie A,Fiorentina,Cagliari,1,0
2024-12-07,Serie A,Roma,Lecce,4,1
2024-12-07,Serie A,Juventus,Bolonia,2,2
2024-12-07,Serie A,Genoa,Torino,0,0
2024-12-06,Serie A,Atalanta,AC Milan,2,1
2024-12-06,Serie A,Inter,Parma,3,1
2024-12-02,Serie A,Roma,Atalanta,0,2
2024-12-01,Serie A,Lecce,Juventus,1,1
2024-12-01,Serie A,Parma,Lazio,3,1
2024-12-01,Serie A,Torino,Nápoles,0,1
2024-12-01,Serie A,Udinese,Genoa,0,2
2024-11-30,Serie A,Bolonia,Venezia,3,0
2024-11-30,Serie A,AC Milan,Empoli,3,0
2024-11-30,Serie A,Como,Monza,1,1
2024-11-29,Serie A,Cagliari,Verona,1,0
2024-11-25,Serie A,Venezia,Lecce,0,1
2024-11-25,Serie A,Empoli,Udinese,1,1
2024-11-24,Serie A,Lazio,Bolonia,3,0
2024-11-24,Serie A,Nápoles,Roma,1,0
2024-11-24,Serie A,Como,Fiorentina,0,2
2024-11-24,Serie A,Torino,Monza,1,1
2024-11-24,Serie A,Genoa,Cagliari,2,2
2024-11-23,Serie A,Parma,Atalanta,1,3
2024-11-23,Serie A,AC Milan,Juventus,0,0
2024-11-23,Serie A,Verona,Inter,0,5
2024-11-10,Serie A,Inter,Nápoles,1,1
2024-11-10,Serie A,Monza,Lazio,0,1
2024-11-10,Serie A,Fiorentina,Verona,3,1
2024-11-10,Serie A,Roma,Bolonia,2,3
2024-11-10,Serie A,Atalanta,Udinese,2,1
2024-11-09,Serie A,Juventus,Torino,2,0
2024-11-09,Serie A,Cagliari,AC Milan,3,3
2024-11-09,Serie A,Venezia,Parma,1,2
2024-11-09,Serie A,Lecce,Empoli,1,1
2024-11-08,Serie A,Genoa,Como,1,1
2024-11-07,Serie A,Lazio,Cagliari,2,1
2024-11-04,Serie A,Empoli,Como,1,0
2024-11-04,Serie A,Parma,Genoa,0,1
2024-11-04,Serie A,Inter,Venezia,1,0
2024-11-03,Serie A,Verona,Roma,3,2
2024-11-03,Serie A,Torino,Fiorentina,0,1
2024-11-03,Serie A,Nápoles,Atalanta,0,3
2024-11-02,Serie A,Monza,AC Milan,0,1
2024-11-02,Serie A,Udinese,Juventus,0,2
2024-11-02,Serie A,Bolonia,Lecce,1,0
2024-10-31,Serie A,Como,Lazio,1,5
2024-10-31,Serie A,Roma,Torino,1,0
2024-10-31,Serie A,Genoa,Fiorentina,0,1
2024-10-30,Serie A,Atalanta,Monza,2,0
2024-10-30,Serie A,Juventus,Parma,2,2
2024-10-30,Serie A,Empoli,Inter,0,3
2024-10-30,Serie A,Venezia,Udinese,3,2
2024-10-30,Serie A,AC Milan,Nápoles,0,2
2024-10-29,Serie A,Cagliari,Bolonia,0,2
2024-10-29,Serie A,Lecce,Verona,1,0
2024-10-27,Serie A,Fiorentina,Roma,5,1
2024-10-27,Serie A,Inter,Juventus,4,4
2024-10-27,Serie A,Lazio,Genoa,3,0
2024-10-27,Serie A,Monza,Venezia,2,2
2024-10-27,Serie A,Parma,Empoli,1,1
2024-10-26,Serie A,Atalanta,Verona,6,1
2024-10-26,Serie A,Nápoles,Lecce,1,0
2024-10-25,Serie A,Torino,Como,1,0
2024-10-25,Serie A,Udinese,Cagliari,2,0
2024-10-21,Serie A,Verona,Monza,0,3
2024-10-20,Serie A,Roma,Inter,0,1
2024-10-20,Serie A,Cagliari,Torino,3,2
2024-10-20,Serie A,Lecce,Fiorentina,0,6
2024-10-20,Serie A,Venezia,Atalanta,0,2
2024-10-20,Serie A,Empoli,Nápoles,0,1
2024-10-19,Serie A,Juventus,Lazio,1,0
2024-10-19,Serie A,AC Milan,Udinese,1,0
2024-10-19,Serie A,Como,Parma,1,1
2024-10-19,Serie A,Genoa,Bolonia,2,2
2024-10-06,Serie A,Fiorentina,AC Milan,2,1
2024-10-06,Serie A,Monza,Roma,1,1
2024-10-06,Serie A,Bolonia,Parma,0,0
2024-10-06,Serie A,Lazio,Empoli,2,1
2024-10-06,Serie A,Juventus,Cagliari,1,1
2024-10-05,Serie A,Inter,Torino,3,2
2024-10-05,Serie A,Atalanta,Genoa,5,1
2024-10-05,Serie A,Udinese,Lecce,1,0
2024-10-04,Serie A,Verona,Venezia,2,1
2024-10-04,Serie A,Nápoles,Como,3,1
2024-09-30,Serie A,Parma,Cagliari,2,3
2024-09-29,Serie A,Nápoles,Monza,2,0
2024-09-29,Serie A,Empoli,Fiorentina,0,0
2024-09-29,Serie A,Como,Verona,3,2
2024-09-29,Serie A,Roma,Venezia,2,1
2024-09-29,Serie A,Torino,Lazio,2,3
2024-09-28,Serie A,Bolonia,Atalanta,1,1
2024-09-28,Serie A,Genoa,Juventus,0,3
2024-09-28,Serie A,Udinese,Inter,2,3
2024-09-27,Serie A,AC Milan,Lecce,3,0
2024-09-24,Serie A,Atalanta,Como,2,3
2024-09-22,Serie A,Inter,AC Milan,1,2
2024-09-22,Serie A,Roma,Udinese,3,0
2024-09-22,Serie A,Monza,Bolonia,1,2
2024-09-22,Serie A,Fiorentina,Lazio,2,1
2024-09-21,Serie A,Lecce,Parma,2,2
2024-09-21,Serie A,Juventus,Nápoles,0,0
2024-09-21,Serie A,Venezia,Genoa,2,0
2024-09-20,Serie A,Verona,Torino,2,3
2024-09-20,Serie A,Cagliari,Empoli,0,2
2024-09-16,Serie A,Lazio,Verona,2,1
2024-09-16,Serie A,Parma,Udinese,2,3
2024-09-15,Serie A,Monza,Inter,1,1
2024-09-15,Serie A,Cagliari,Nápoles,0,4
2024-09-15,Serie A,Atalanta,Fiorentina,3,2
2024-09-15,Serie A,Torino,Lecce,0,0
2024-09-15,Serie A,Genoa,Roma,1,1
2024-09-14,Serie A,AC Milan,Venezia,4,0
2024-09-14,Serie A,Empoli,Juventus,0,0
2024-09-14,Serie A,Como,Bolonia,2,2
2024-09-01,Serie A,Juventus,Roma,0,0
2024-09-01,Serie A,Udinese,Como,1,0
2024-09-01,Serie A,Fiorentina,Monza,2,2
2024-09-01,Serie A,Genoa,Verona,0,2
2024-08-31,Serie A,Lazio,AC Milan,2,2
2024-08-31,Serie A,Nápoles,Parma,2,1
2024-08-31,Serie A,Bolonia,Empoli,1,1
2024-08-31,Serie A,Lecce,Cagliari,1,0
2024-08-30,Serie A,Inter,Atalanta,4,0
2024-08-30,Serie A,Venezia,Torino,0,1
2024-08-26,Serie A,Verona,Juventus,0,3
2024-08-26,Serie A,Cagliari,Como,1,1
2024-08-25,Serie A,Nápoles,Bolonia,3,0
2024-08-25,Serie A,Roma,Empoli,1,2
2024-08-25,Serie A,Fiorentina,Venezia,0,0
2024-08-25,Serie A,Torino,Atalanta,2,1
2024-08-24,Serie A,Inter,Lecce,2,0
2024-08-24,Serie A,Monza,Genoa,0,1
2024-08-24,Serie A,Parma,AC Milan,2,1
2024-08-24,Serie A,Udinese,Lazio,2,1
2024-08-19,Serie A,Juventus,Como,3,0
2024-08-19,Serie A,Lecce,Atalanta,0,4
2024-08-18,Serie A,Cagliari,Roma,0,0
2024-08-18,Serie A,Lazio,Venezia,3,1
2024-08-18,Serie A,Bolonia,Udinese,1,1
2024-08-18,Serie A,Verona,Nápoles,3,0
2024-08-17,Serie A,AC Milan,Torino,2,2
2024-08-17,Serie A,Empoli,Monza,0,0
2024-08-17,Serie A,Genoa,Inter,2,2
2024-08-17,Serie A,Parma,Fiorentina,1,1





2025-05-31,Champions League,PSG,Inter,5,0
2025-05-07,Champions League,PSG,Arsenal,2,1
2025-05-06,Champions League,Inter,Barcelona,3,4
2025-04-30,Champions League,Barcelona,Inter,3,3
2025-04-29,Champions League,Arsenal,PSG,0,1
2025-04-16,Champions League,Inter,Bayern Múnich,2,2
2025-04-16,Champions League,Real Madrid,Arsenal,1,2
2025-04-15,Champions League,Aston Villa,PSG,3,2
2025-04-15,Champions League,Borussia Dortmund,Barcelona,3,1
2025-04-09,Champions League,Barcelona,Borussia Dortmund,4,0
2025-04-09,Champions League,PSG,Aston Villa,3,1
2025-04-08,Champions League,Arsenal,Real Madrid,3,0
2025-04-08,Champions League,Bayern Múnich,Inter,1,2
2025-03-12,Champions League,Arsenal,PSV,2,2
2025-03-12,Champions League,Aston Villa,Club Brujas,3,0
2025-03-12,Champions League,Atlético de Madrid,Real Madrid,1,1
2025-03-11,Champions League,Lille,Borussia Dortmund,1,2
2025-03-11,Champions League,Bayer Leverkusen,Bayern Múnich,0,2
2025-03-11,Champions League,Inter,Feyenoord,2,1
2025-03-11,Champions League,Liverpool,PSG,0,2
2025-03-11,Champions League,Barcelona,Benfica,3,1
2025-03-05,Champions League,Bayern Múnich,Bayer Leverkusen,3,0
2025-03-05,Champions League,Benfica,Barcelona,0,1
2025-03-05,Champions League,PSG,Liverpool,0,1
2025-03-05,Champions League,Feyenoord,Inter,0,2
2025-03-04,Champions League,Borussia Dortmund,Lille,1,1
2025-03-04,Champions League,PSV,Arsenal,1,7
2025-03-04,Champions League,Real Madrid,Atlético de Madrid,2,1
2025-03-04,Champions League,Club Brujas,Aston Villa,1,3
2025-02-19,Champions League,PSG,Brest,7,0
2025-02-19,Champions League,PSV,Juventus,2,1
2025-02-19,Champions League,Real Madrid,Manchester City,3,1
2025-02-19,Champions League,Borussia Dortmund,Sporting CP,0,0
2025-02-18,Champions League,Atalanta,Club Brujas,1,3
2025-02-18,Champions League,Bayern Múnich,Celtic,1,1
2025-02-18,Champions League,Benfica,Mónaco,3,3
2025-02-18,Champions League,AC Milan,Feyenoord,1,1
2025-02-12,Champions League,Celtic,Bayern Múnich,1,2
2025-02-12,Champions League,Feyenoord,AC Milan,1,0
2025-02-12,Champions League,Mónaco,Benfica,0,1
2025-02-12,Champions League,Club Brujas,Atalanta,2,1
2025-02-11,Champions League,Juventus,PSV,2,1
2025-02-11,Champions League,Manchester City,Real Madrid,2,3
2025-02-11,Champions League,Sporting CP,Borussia Dortmund,0,3
2025-02-11,Champions League,Brest,PSG,0,3
2025-01-29,Champions League,Aston Villa,Celtic,4,2
2025-01-29,Champions League,Barcelona,Atalanta,2,2
2025-01-29,Champions League,Bayer Leverkusen,Sparta Praga,2,0
2025-01-29,Champions League,Bayern Múnich,Slovan Bratislava,3,1
2025-01-29,Champions League,Borussia Dortmund,Shakhtar,3,1
2025-01-29,Champions League,Brest,Real Madrid,0,3
2025-01-29,Champions League,Dinamo Zagreb,AC Milan,2,1
2025-01-29,Champions League,Girona,Arsenal,1,2
2025-01-29,Champions League,Inter,Mónaco,3,0
2025-01-29,Champions League,Juventus,Benfica,0,2
2025-01-29,Champions League,Lille,Feyenoord,6,1
2025-01-29,Champions League,Manchester City,Club Brujas,3,1
2025-01-29,Champions League,PSV,Liverpool,3,2
2025-01-29,Champions League,Salzburgo,Atlético de Madrid,1,4
2025-01-29,Champions League,Sporting CP,Bolonia,1,1
2025-01-29,Champions League,Sturm Graz,RB Leipzig,1,0
2025-01-29,Champions League,Stuttgart,PSG,1,4
2025-01-29,Champions League,Young Boys,Estrella Roja,0,1
2025-01-22,Champions League,AC Milan,Girona,1,0
2025-01-22,Champions League,Arsenal,Dinamo Zagreb,3,0
2025-01-22,Champions League,Celtic,Young Boys,1,0
2025-01-22,Champions League,Feyenoord,Bayern Múnich,3,0
2025-01-22,Champions League,PSG,Manchester City,4,2
2025-01-22,Champions League,Real Madrid,Salzburgo,5,1
2025-01-22,Champions League,Sparta Praga,Inter,0,1
2025-01-22,Champions League,RB Leipzig,Sporting CP,2,1
2025-01-22,Champions League,Shakhtar,Brest,2,0
2025-01-21,Champions League,Atlético de Madrid,Bayer Leverkusen,2,1
2025-01-21,Champions League,Benfica,Barcelona,4,5
2025-01-21,Champions League,Bolonia,Borussia Dortmund,2,1
2025-01-21,Champions League,Club Brujas,Juventus,0,0
2025-01-21,Champions League,Estrella Roja,PSV,2,3
2025-01-21,Champions League,Liverpool,Lille,2,1
2025-01-21,Champions League,Slovan Bratislava,Stuttgart,1,3
2025-01-21,Champions League,Atalanta,Sturm Graz,5,0
2025-01-21,Champions League,Mónaco,Aston Villa,1,0
2024-12-11,Champions League,AC Milan,Estrella Roja,2,1
2024-12-11,Champions League,Arsenal,Mónaco,3,0
2024-12-11,Champions League,Benfica,Bolonia,0,0
2024-12-11,Champions League,Borussia Dortmund,Barcelona,2,3
2024-12-11,Champions League,Feyenoord,Sparta Praga,4,2
2024-12-11,Champions League,Juventus,Manchester City,2,0
2024-12-11,Champions League,Stuttgart,Young Boys,5,1
2024-12-11,Champions League,Atlético de Madrid,Slovan Bratislava,3,1
2024-12-11,Champions League,Lille,Sturm Graz,3,2
2024-12-10,Champions League,Atalanta,Real Madrid,2,3
2024-12-10,Champions League,Bayer Leverkusen,Inter,1,0
2024-12-10,Champions League,Brest,PSV,1,0
2024-12-10,Champions League,Club Brujas,Sporting CP,2,1
2024-12-10,Champions League,RB Leipzig,Aston Villa,2,3
2024-12-10,Champions League,Salzburgo,PSG,0,3
2024-12-10,Champions League,Shakhtar,Bayern Múnich,1,5
2024-12-10,Champions League,Dinamo Zagreb,Celtic,0,0
2024-12-10,Champions League,Girona,Liverpool,0,1
2024-11-27,Champions League,Aston Villa,Juventus,0,0
2024-11-27,Champions League,Bolonia,Lille,1,2
2024-11-27,Champions League,Celtic,Club Brujas,1,1
2024-11-27,Champions League,Dinamo Zagreb,Borussia Dortmund,0,3
2024-11-27,Champions League,Liverpool,Real Madrid,2,0
2024-11-27,Champions League,Mónaco,Benfica,2,3
2024-11-27,Champions League,PSV,Shakhtar,3,2
2024-11-27,Champions League,Estrella Roja,Stuttgart,5,1
2024-11-27,Champions League,Sturm Graz,Girona,1,0
2024-11-26,Champions League,Barcelona,Brest,3,0
2024-11-26,Champions League,Bayer Leverkusen,Salzburgo,5,0
2024-11-26,Champions League,Bayern Múnich,PSG,1,0
2024-11-26,Champions League,Inter,RB Leipzig,1,0
2024-11-26,Champions League,Manchester City,Feyenoord,3,3
2024-11-26,Champions League,Sporting CP,Arsenal,1,5
2024-11-26,Champions League,Young Boys,Atalanta,1,6
2024-11-26,Champions League,Slovan Bratislava,AC Milan,2,3
2024-11-26,Champions League,Sparta Praga,Atlético de Madrid,0,6
2024-11-06,Champions League,Bayern Múnich,Benfica,1,0
2024-11-06,Champions League,Estrella Roja,Barcelona,2,5
2024-11-06,Champions League,Feyenoord,Salzburgo,1,3
2024-11-06,Champions League,Inter,Arsenal,1,0
2024-11-06,Champions League,PSG,Atlético de Madrid,1,2
2024-11-06,Champions League,Sparta Praga,Brest,1,2
2024-11-06,Champions League,Stuttgart,Atalanta,0,2
2024-11-06,Champions League,Club Brujas,Aston Villa,1,0
2024-11-06,Champions League,Shakhtar,Young Boys,2,1
2024-11-05,Champions League,Bolonia,Mónaco,0,1
2024-11-05,Champions League,Borussia Dortmund,Sturm Graz,1,0
2024-11-05,Champions League,Celtic,RB Leipzig,3,1
2024-11-05,Champions League,Lille,Juventus,1,1
2024-11-05,Champions League,Liverpool,Bayer Leverkusen,4,0
2024-11-05,Champions League,Real Madrid,AC Milan,1,3
2024-11-05,Champions League,Sporting CP,Manchester City,4,1
2024-11-05,Champions League,PSV,Girona,4,0
2025-11-05,Champions League,Slovan Bratislava,Dinamo Zagreb,1,4
2025-10-23,Champions League,Atlético de Madrid,Lille,1,3
2025-10-23,Champions League,Barcelona,Bayern Múnich,4,1
2025-10-23,Champions League,Benfica,Feyenoord,1,3
2025-10-23,Champions League,Manchester City,Sparta Praga,5,0
2025-10-23,Champions League,RB Leipzig,Liverpool,0,1
2025-10-23,Champions League,Salzburgo,Dinamo Zagreb,0,2
2025-10-23,Champions League,Young Boys,Inter,0,1
2025-10-23,Champions League,Atalanta,Celtic,0,0
2025-10-23,Champions League,Brest,Bayer Leverkusen,1,1
2025-10-22,Champions League,Arsenal,Shakhtar,1,0
2025-10-22,Champions League,Aston Villa,Bolonia,2,0
2025-10-22,Champions League,Girona,Slovan Bratislava,2,0
2025-10-22,Champions League,Juventus,Stuttgart,0,1
2025-10-22,Champions League,PSG,PSV,1,1
2025-10-22,Champions League,Real Madrid,Borussia Dortmund,5,2
2025-10-22,Champions League,Sturm Graz,Sporting CP,0,2
2025-10-22,Champions League,AC Milan,Club Brujas,3,1
2025-10-22,Champions League,Mónaco,Estrella Roja,5,1
2025-10-02,Champions League,Aston Villa,Bayern Múnich,1,0
2025-10-02,Champions League,Benfica,Atlético de Madrid,4,0
2025-10-02,Champions League,Dinamo Zagreb,Mónaco,2,2
2025-10-02,Champions League,Lille,Real Madrid,1,0
2025-10-02,Champions League,Liverpool,Bolonia,2,0
2025-10-02,Champions League,RB Leipzig,Juventus,2,3
2025-10-02,Champions League,Sturm Graz,Club Brujas,0,1
2025-10-02,Champions League,Girona,Feyenoord,2,3
2025-10-02,Champions League,Shakhtar,Atalanta,0,3
2025-10-01,Champions League,Arsenal,PSG,2,0
2025-10-01,Champions League,Barcelona,Young Boys,5,0
2025-10-01,Champions League,Bayer Leverkusen,AC Milan,1,0
2025-10-01,Champions League,Borussia Dortmund,Celtic,7,1
2025-10-01,Champions League,Inter,Estrella Roja,4,0
2025-10-01,Champions League,PSV,Sporting CP,1,1
2025-10-01,Champions League,Slovan Bratislava,Manchester City,0,4
2025-10-01,Champions League,Salzburgo,Brest,0,4
2025-10-01,Champions League,Stuttgart,Sparta Praga,1,1
2025-09-19,Champions League,Atalanta,Arsenal,0,0
2025-09-19,Champions League,Atlético de Madrid,RB Leipzig,2,1
2025-09-19,Champions League,Brest,Sturm Graz,2,1
2025-09-19,Champions League,Mónaco,Barcelona,2,1
2025-09-19,Champions League,Estrella Roja,Benfica,1,2
2025-09-19,Champions League,Feyenoord,Bayer Leverkusen,0,4
2025-09-18,Champions League,Celtic,Slovan Bratislava,5,1
2025-09-18,Champions League,Club Brujas,Borussia Dortmund,0,3
2025-09-18,Champions League,Manchester City,Inter,0,0
2025-09-18,Champions League,PSG,Girona,1,0
2025-09-18,Champions League,Bolonia,Shakhtar,0,0
2025-09-18,Champions League,Sparta Praga,Salzburgo,3,0
2025-09-17,Champions League,AC Milan,Liverpool,1,3
2025-09-17,Champions League,Bayern Múnich,Dinamo Zagreb,9,2
2025-09-17,Champions League,Real Madrid,Stuttgart,3,1
2025-09-17,Champions League,Sporting CP,Lille,2,0
2025-09-17,Champions League,Juventus,PSV,3,1
2025-09-17,Champions League,Young Boys,Aston Villa,0,3





2025-05-17,Bundesliga,Augsburgo,Union Berlin,1,2
2025-05-17,Bundesliga,Borussia Dortmund,Kiel,3,0
2025-05-17,Bundesliga,Borussia M'gladbach,Wolfsburgo,0,1
2025-05-17,Bundesliga,Friburgo,Eintracht Frankfurt,1,3
2025-05-17,Bundesliga,Heidenheim,Werder Bremen,1,4
2025-05-17,Bundesliga,Hoffenheim,Bayern Múnich,0,4
2025-05-17,Bundesliga,Mainz,Bayer Leverkusen,2,2
2025-05-17,Bundesliga,RB Leipzig,Stuttgart,2,3
2025-05-17,Bundesliga,St. Pauli,Bochum,0,2
2025-05-11,Bundesliga,Stuttgart,Augsburgo,4,0
2025-05-11,Bundesliga,Eintracht Frankfurt,St. Pauli,2,2
2025-05-11,Bundesliga,Bayer Leverkusen,Borussia Dortmund,2,4
2025-05-10,Bundesliga,Bayern Múnich,Borussia M'gladbach,2,0
2025-05-10,Bundesliga,Bochum,Mainz,1,4
2025-05-10,Bundesliga,Kiel,Friburgo,1,2
2025-05-10,Bundesliga,Union Berlin,Heidenheim,0,3
2025-05-10,Bundesliga,Werder Bremen,RB Leipzig,0,0
2025-05-09,Bundesliga,Wolfsburgo,Hoffenheim,2,2
2025-05-04,Bundesliga,Mainz,Eintracht Frankfurt,1,1
2025-05-04,Bundesliga,Friburgo,Bayer Leverkusen,2,2
2025-05-04,Bundesliga,Augsburgo,Kiel,1,3
2025-05-03,Bundesliga,Borussia Dortmund,Wolfsburgo,4,0
2025-05-03,Bundesliga,Borussia M'gladbach,Hoffenheim,4,4
2025-05-03,Bundesliga,RB Leipzig,Bayern Múnich,3,3
2025-05-03,Bundesliga,St. Pauli,Stuttgart,0,1
2025-05-03,Bundesliga,Union Berlin,Werder Bremen,2,2
2025-05-02,Bundesliga,Heidenheim,Bochum,0,0
2025-04-27,Bundesliga,Werder Bremen,St. Pauli,0,0
2025-04-27,Bundesliga,Bochum,Union Berlin,1,1
2025-04-26,Bundesliga,Eintracht Frankfurt,RB Leipzig,4,0
2025-04-26,Bundesliga,Bayer Leverkusen,Augsburgo,2,0
2025-04-26,Bundesliga,Bayern Múnich,Mainz,3,0
2025-04-26,Bundesliga,Hoffenheim,Borussia Dortmund,2,3
2025-04-26,Bundesliga,Kiel,Borussia M'gladbach,4,3
2025-04-26,Bundesliga,Wolfsburgo,Friburgo,0,1
2025-04-25,Bundesliga,Stuttgart,Heidenheim,0,1
2025-04-20,Bundesliga,St. Pauli,Bayer Leverkusen,1,1
2025-04-20,Bundesliga,Borussia Dortmund,Borussia M'gladbach,3,2
2025-04-20,Bundesliga,Augsburgo,Eintracht Frankfurt,0,0
2025-04-19,Bundesliga,Union Berlin,Stuttgart,4,4
2025-04-19,Bundesliga,Friburgo,Hoffenheim,3,2
2025-04-19,Bundesliga,Heidenheim,Bayern Múnich,0,4
2025-04-19,Bundesliga,Mainz,Wolfsburgo,2,2
2025-04-19,Bundesliga,RB Leipzig,Kiel,1,1
2025-04-19,Bundesliga,Werder Bremen,Bochum,1,0
2025-04-13,Bundesliga,Eintracht Frankfurt,Heidenheim,3,0
2025-04-13,Bundesliga,Stuttgart,Werder Bremen,1,2
2025-04-12,Bundesliga,Bayern Múnich,Borussia Dortmund,2,2
2025-04-12,Bundesliga,Bayer Leverkusen,Union Berlin,0,0
2025-04-12,Bundesliga,Bochum,Augsburgo,1,2
2025-04-12,Bundesliga,Borussia M'gladbach,Friburgo,1,2
2025-04-12,Bundesliga,Hoffenheim,Mainz,2,0
2025-04-12,Bundesliga,Kiel,St. Pauli,1,2
2025-04-11,Bundesliga,Wolfsburgo,RB Leipzig,2,3
2025-04-06,Bundesliga,Union Berlin,Wolfsburgo,1,0
2025-04-06,Bundesliga,St. Pauli,Borussia M'gladbach,1,1
2025-04-05,Bundesliga,Werder Bremen,Eintracht Frankfurt,2,0
2025-04-05,Bundesliga,Bochum,Stuttgart,0,4
2025-04-05,Bundesliga,Friburgo,Borussia Dortmund,1,4
2025-04-05,Bundesliga,Heidenheim,Bayer Leverkusen,0,1
2025-04-05,Bundesliga,Mainz,Kiel,1,1
2025-04-05,Bundesliga,RB Leipzig,Hoffenheim,3,1
2025-04-04,Bundesliga,Augsburgo,Bayern Múnich,1,3
2025-03-30,Bundesliga,Borussia Dortmund,Mainz,3,1
2025-03-30,Bundesliga,Friburgo,Union Berlin,1,2
2025-03-29,Bundesliga,Eintracht Frankfurt,Stuttgart,1,0
2025-03-29,Bundesliga,Bayern Múnich,St. Pauli,3,2
2025-03-29,Bundesliga,Borussia M'gladbach,RB Leipzig,1,0
2025-03-29,Bundesliga,Hoffenheim,Augsburgo,1,1
2025-03-29,Bundesliga,Kiel,Werder Bremen,0,3
2025-03-29,Bundesliga,Wolfsburgo,Heidenheim,0,1
2025-03-28,Bundesliga,Bayer Leverkusen,Bochum,3,1
2025-03-16,Bundesliga,Stuttgart,Bayer Leverkusen,3,4
2025-03-16,Bundesliga,Heidenheim,Kiel,3,1
2025-03-16,Bundesliga,Bochum,Eintracht Frankfurt,1,3
2025-03-15,Bundesliga,RB Leipzig,Borussia Dortmund,2,0
2025-03-15,Bundesliga,Augsburgo,Wolfsburgo,1,0
2025-03-15,Bundesliga,Mainz,Friburgo,2,2
2025-03-15,Bundesliga,Union Berlin,Bayern Múnich,1,1
2025-03-15,Bundesliga,Werder Bremen,Borussia M'gladbach,2,4
2025-03-14,Bundesliga,St. Pauli,Hoffenheim,1,0
2025-03-09,Bundesliga,Hoffenheim,Heidenheim,1,1
2025-03-09,Bundesliga,Eintracht Frankfurt,Union Berlin,1,2
2025-03-08,Bundesliga,Friburgo,RB Leipzig,0,0
2025-03-08,Bundesliga,Bayer Leverkusen,Werder Bremen,0,2
2025-03-08,Bundesliga,Bayern Múnich,Bochum,2,3
2025-03-08,Bundesliga,Borussia Dortmund,Augsburgo,0,1
2025-03-08,Bundesliga,Kiel,Stuttgart,2,2
2025-03-08,Bundesliga,Wolfsburgo,St. Pauli,1,1
2025-03-07,Bundesliga,Borussia M'gladbach,Mainz,1,3
2025-03-02,Bundesliga,Augsburgo,Friburgo,0,0
2025-03-02,Bundesliga,Union Berlin,Kiel,0,1
2025-03-01,Bundesliga,Eintracht Frankfurt,Bayer Leverkusen,1,4
2025-03-01,Bundesliga,Bochum,Hoffenheim,0,1
2025-03-01,Bundesliga,Heidenheim,Borussia M'gladbach,0,3
2025-03-01,Bundesliga,RB Leipzig,Mainz,1,2
2025-03-01,Bundesliga,St. Pauli,Borussia Dortmund,0,2
2025-03-01,Bundesliga,Werder Bremen,Wolfsburgo,1,2
2025-02-28,Bundesliga,Stuttgart,Bayern Múnich,1,3
2025-02-23,Bundesliga,Hoffenheim,Stuttgart,1,1
2025-02-23,Bundesliga,Bayern Múnich,Eintracht Frankfurt,4,0
2025-02-23,Bundesliga,RB Leipzig,Heidenheim,2,2
2025-02-22,Bundesliga,Borussia Dortmund,Union Berlin,6,0
2025-02-22,Bundesliga,Borussia M'gladbach,Augsburgo,0,3
2025-02-22,Bundesliga,Kiel,Bayer Leverkusen,0,2
2025-02-22,Bundesliga,Mainz,St. Pauli,2,0
2025-02-22,Bundesliga,Wolfsburgo,Bochum,1,1
2025-02-21,Bundesliga,Friburgo,Werder Bremen,5,0
2025-02-16,Bundesliga,Heidenheim,Mainz,0,2
2025-02-16,Bundesliga,Eintracht Frankfurt,Kiel,3,1
2025-02-16,Bundesliga,Werder Bremen,Hoffenheim,1,3
2025-02-15,Bundesliga,Bayer Leverkusen,Bayern Múnich,0,0
2025-02-15,Bundesliga,Bochum,Borussia Dortmund,2,0
2025-02-15,Bundesliga,St. Pauli,Friburgo,0,1
2025-02-15,Bundesliga,Stuttgart,Wolfsburgo,1,2
2025-02-15,Bundesliga,Union Berlin,Borussia M'gladbach,1,2
2025-02-14,Bundesliga,Augsburgo,RB Leipzig,0,0
2025-02-09,Bundesliga,RB Leipzig,St. Pauli,2,0
2025-02-09,Bundesliga,Kiel,Bochum,2,2
2025-02-08,Bundesliga,Borussia M'gladbach,Eintracht Frankfurt,1,1
2025-02-08,Bundesliga,Borussia Dortmund,Stuttgart,1,2
2025-02-08,Bundesliga,Friburgo,Heidenheim,1,0
2025-02-08,Bundesliga,Hoffenheim,Union Berlin,0,4
2025-02-08,Bundesliga,Mainz,Augsburgo,0,0
2025-02-08,Bundesliga,Wolfsburgo,Bayer Leverkusen,0,0
2025-02-07,Bundesliga,Bayern Múnich,Werder Bremen,3,0
2025-02-02,Bundesliga,Bayer Leverkusen,Hoffenheim,3,1
2025-02-02,Bundesliga,Eintracht Frankfurt,Wolfsburgo,1,1
2025-02-01,Bundesliga,Union Berlin,RB Leipzig,0,0
2025-02-01,Bundesliga,Bayern Múnich,Kiel,4,3
2025-02-01,Bundesliga,Bochum,Friburgo,0,1
2025-02-01,Bundesliga,Heidenheim,Borussia Dortmund,1,2
2025-02-01,Bundesliga,St. Pauli,Augsburgo,1,1
2025-02-01,Bundesliga,Stuttgart,Borussia M'gladbach,1,2
2025-01-31,Bundesliga,Werder Bremen,Mainz,1,0
2025-01-26,Bundesliga,St. Pauli,Union Berlin,3,0
2025-01-26,Bundesliga,Hoffenheim,Eintracht Frankfurt,2,2
2025-01-25,Bundesliga,Borussia M'gladbach,Bochum,3,0
2025-01-25,Bundesliga,Augsburgo,Heidenheim,2,1
2025-01-25,Bundesliga,Borussia Dortmund,Werder Bremen,2,2
2025-01-25,Bundesliga,Friburgo,Bayern Múnich,1,2
2025-01-25,Bundesliga,Mainz,Stuttgart,2,0
2025-01-25,Bundesliga,RB Leipzig,Bayer Leverkusen,2,2
2025-01-24,Bundesliga,Wolfsburgo,Kiel,2,2
2025-01-19,Bundesliga,Werder Bremen,Augsburgo,0,2
2025-01-19,Bundesliga,Union Berlin,Mainz,2,1
2025-01-18,Bundesliga,Bayer Leverkusen,Borussia M'gladbach,3,1
2025-01-18,Bundesliga,Bayern Múnich,Wolfsburgo,3,2
2025-01-18,Bundesliga,Bochum,RB Leipzig,3,3
2025-01-18,Bundesliga,Heidenheim,St. Pauli,0,2
2025-01-18,Bundesliga,Kiel,Hoffenheim,1,3
2025-01-18,Bundesliga,Stuttgart,Friburgo,4,0
2025-01-17,Bundesliga,Eintracht Frankfurt,Borussia Dortmund,2,0
2025-01-15,Bundesliga,Bayern Múnich,Hoffenheim,5,0
2025-01-15,Bundesliga,Stuttgart,RB Leipzig,2,2
2025-01-15,Bundesliga,Union Berlin,Augsburgo,0,2
2025-01-15,Bundesliga,Werder Bremen,Heidenheim,3,3
2025-01-15,Bundesliga,Bochum,St. Pauli,1,0
2025-01-14,Bundesliga,Bayer Leverkusen,Mainz,1,0
2025-01-14,Bundesliga,Eintracht Frankfurt,Friburgo,4,1
2025-01-14,Bundesliga,Wolfsburgo,Borussia M'gladbach,5,1
2025-01-14,Bundesliga,Kiel,Borussia Dortmund,4,2
2025-01-12,Bundesliga,Augsburgo,Stuttgart,0,1
2025-01-12,Bundesliga,RB Leipzig,Werder Bremen,4,2
2025-01-11,Bundesliga,Borussia M'gladbach,Bayern Múnich,0,1
2025-01-11,Bundesliga,Friburgo,Kiel,3,2
2025-01-11,Bundesliga,Heidenheim,Union Berlin,2,0
2025-01-11,Bundesliga,Hoffenheim,Wolfsburgo,0,1
2025-01-11,Bundesliga,Mainz,Bochum,2,0
2025-01-11,Bundesliga,St. Pauli,Eintracht Frankfurt,0,1
2025-01-10,Bundesliga,Borussia Dortmund,Bayer Leverkusen,2,3
2024-12-22,Bundesliga,Wolfsburgo,Borussia Dortmund,1,3
2024-12-22,Bundesliga,Bochum,Heidenheim,2,0
2024-12-21,Bundesliga,Bayer Leverkusen,Friburgo,5,1
2024-12-21,Bundesliga,Eintracht Frankfurt,Mainz,1,3
2024-12-21,Bundesliga,Hoffenheim,Borussia M'gladbach,1,2
2024-12-21,Bundesliga,Kiel,Augsburgo,5,1
2024-12-21,Bundesliga,Stuttgart,St. Pauli,0,1
2024-12-21,Bundesliga,Werder Bremen,Union Berlin,4,1
2024-12-20,Bundesliga,Bayern Múnich,RB Leipzig,5,1
2024-12-15,Bundesliga,RB Leipzig,Eintracht Frankfurt,2,1
2024-12-15,Bundesliga,Borussia Dortmund,Hoffenheim,1,1
2024-12-15,Bundesliga,Heidenheim,Stuttgart,1,3
2024-12-14,Bundesliga,St. Pauli,Werder Bremen,0,2
2024-12-14,Bundesliga,Augsburgo,Bayer Leverkusen,0,2
2024-12-14,Bundesliga,Borussia M'gladbach,Kiel,4,1
2024-12-14,Bundesliga,Mainz,Bayern Múnich,2,1
2024-12-14,Bundesliga,Union Berlin,Bochum,0,2
2024-12-13,Bundesliga,Friburgo,Wolfsburgo,3,2
2024-12-08,Bundesliga,Hoffenheim,Friburgo,1,1
2024-12-08,Bundesliga,Wolfsburgo,Mainz,4,3
2024-12-07,Bundesliga,Borussia M'gladbach,Borussia Dortmund,1,1
2024-12-07,Bundesliga,Bayer Leverkusen,St. Pauli,2,1
2024-12-07,Bundesliga,Bayern Múnich,Heidenheim,4,2
2024-12-07,Bundesliga,Bochum,Werder Bremen,0,1
2024-12-07,Bundesliga,Eintracht Frankfurt,Augsburgo,2,2
2024-12-07,Bundesliga,Kiel,RB Leipzig,0,2
2024-12-06,Bundesliga,Stuttgart,Union Berlin,3,2
2024-12-01,Bundesliga,Heidenheim,Eintracht Frankfurt,0,4
2024-12-01,Bundesliga,Mainz,Hoffenheim,2,0
2024-11-30,Bundesliga,Borussia Dortmund,Bayern Múnich,1,1
2024-11-30,Bundesliga,Augsburgo,Bochum,1,0
2024-11-30,Bundesliga,Friburgo,Borussia M'gladbach,3,1
2024-11-30,Bundesliga,RB Leipzig,Wolfsburgo,1,5
2024-11-30,Bundesliga,Union Berlin,Bayer Leverkusen,1,2
2024-11-30,Bundesliga,Werder Bremen,Stuttgart,2,2
2024-11-29,Bundesliga,St. Pauli,Kiel,3,1
2024-11-24,Bundesliga,Borussia M'gladbach,St. Pauli,2,0
2024-11-24,Bundesliga,Kiel,Mainz,0,3
2024-11-23,Bundesliga,Eintracht Frankfurt,Werder Bremen,1,0
2024-11-23,Bundesliga,Bayer Leverkusen,Heidenheim,5,2
2024-11-23,Bundesliga,Borussia Dortmund,Friburgo,2,4
2024-11-23,Bundesliga,Hoffenheim,RB Leipzig,4,3
2024-11-23,Bundesliga,Stuttgart,Bochum,2,0
2024-11-23,Bundesliga,Wolfsburgo,Union Berlin,1,0
2024-11-22,Bundesliga,Bayern Múnich,Augsburgo,3,0
2024-11-10,Bundesliga,Heidenheim,Wolfsburgo,1,3
2024-11-10,Bundesliga,Stuttgart,Eintracht Frankfurt,2,3
2024-11-10,Bundesliga,Augsburgo,Hoffenheim,0,0
2024-11-09,Bundesliga,RB Leipzig,Borussia M'gladbach,0,0
2024-11-09,Bundesliga,Bochum,Bayer Leverkusen,1,1
2024-11-09,Bundesliga,Mainz,Borussia Dortmund,3,1
2024-11-09,Bundesliga,St. Pauli,Bayern Múnich,0,1
2024-11-09,Bundesliga,Werder Bremen,Kiel,2,1
2024-11-08,Bundesliga,Union Berlin,Friburgo,0,0
2024-11-03,Bundesliga,Borussia M'gladbach,Werder Bremen,4,1
2024-11-03,Bundesliga,Friburgo,Mainz,0,0
2024-11-02,Bundesliga,Borussia Dortmund,RB Leipzig,2,1
2024-11-02,Bundesliga,Bayern Múnich,Union Berlin,3,0
2024-11-02,Bundesliga,Eintracht Frankfurt,Bochum,7,2
2024-11-02,Bundesliga,Hoffenheim,St. Pauli,0,2
2024-11-02,Bundesliga,Kiel,Heidenheim,1,0
2024-11-02,Bundesliga,Wolfsburgo,Augsburgo,1,1
2024-11-01,Bundesliga,Bayer Leverkusen,Stuttgart,0,0
2024-10-27,Bundesliga,Heidenheim,Hoffenheim,0,0
2024-10-27,Bundesliga,Union Berlin,Eintracht Frankfurt,1,1
2024-10-27,Bundesliga,Bochum,Bayern Múnich,0,5
2024-10-26,Bundesliga,Werder Bremen,Bayer Leverkusen,2,2
2024-10-26,Bundesliga,Augsburgo,Borussia Dortmund,2,1
2024-10-26,Bundesliga,RB Leipzig,Friburgo,3,1
2024-10-26,Bundesliga,St. Pauli,Wolfsburgo,0,0
2024-10-26,Bundesliga,Stuttgart,Kiel,2,1
2024-10-25,Bundesliga,Mainz,Borussia M'gladbach,1,1
2024-10-20,Bundesliga,Wolfsburgo,Werder Bremen,2,4
2024-10-20,Bundesliga,Kiel,Union Berlin,0,2
2024-10-19,Bundesliga,Bayern Múnich,Stuttgart,4,0
2024-10-19,Bundesliga,Bayer Leverkusen,Eintracht Frankfurt,2,1
2024-10-19,Bundesliga,Borussia M'gladbach,Heidenheim,3,2
2024-10-19,Bundesliga,Friburgo,Augsburgo,3,1
2024-10-19,Bundesliga,Hoffenheim,Bochum,3,1
2024-10-19,Bundesliga,Mainz,RB Leipzig,0,2
2024-10-18,Bundesliga,Borussia Dortmund,St. Pauli,2,1
2024-10-06,Bundesliga,Stuttgart,Hoffenheim,1,1
2024-10-06,Bundesliga,Eintracht Frankfurt,Bayern Múnich,3,3
2024-10-06,Bundesliga,Heidenheim,RB Leipzig,0,1
2024-10-05,Bundesliga,St. Pauli,Mainz,0,3
2024-10-05,Bundesliga,Bayer Leverkusen,Kiel,2,2
2024-10-05,Bundesliga,Bochum,Wolfsburgo,1,3
2024-10-05,Bundesliga,Union Berlin,Borussia Dortmund,2,1
2024-10-05,Bundesliga,Werder Bremen,Friburgo,0,1
2024-10-04,Bundesliga,Augsburgo,Borussia M'gladbach,2,1
2024-09-29,Bundesliga,Hoffenheim,Werder Bremen,3,4
2024-09-29,Bundesliga,Kiel,Eintracht Frankfurt,2,4
2024-09-28,Bundesliga,Bayern Múnich,Bayer Leverkusen,1,1
2024-09-28,Bundesliga,Borussia M'gladbach,Union Berlin,1,0
2024-09-28,Bundesliga,Friburgo,St. Pauli,0,3
2024-09-28,Bundesliga,Mainz,Heidenheim,0,2
2024-09-28,Bundesliga,RB Leipzig,Augsburgo,4,0
2024-09-28,Bundesliga,Wolfsburgo,Stuttgart,2,2
2024-09-27,Bundesliga,Borussia Dortmund,Bochum,4,2
2024-09-22,Bundesliga,St. Pauli,RB Leipzig,0,0
2024-09-22,Bundesliga,Stuttgart,Borussia Dortmund,5,1
2024-09-22,Bundesliga,Bayer Leverkusen,Wolfsburgo,4,3
2024-09-21,Bundesliga,Eintracht Frankfurt,Borussia M'gladbach,2,0
2024-09-21,Bundesliga,Bochum,Kiel,2,2
2024-09-21,Bundesliga,Heidenheim,Friburgo,0,3
2024-09-21,Bundesliga,Union Berlin,Hoffenheim,2,1
2024-09-21,Bundesliga,Werder Bremen,Bayern Múnich,0,5
2024-09-20,Bundesliga,Augsburgo,Mainz,2,3
2024-09-15,Bundesliga,Mainz,Werder Bremen,1,2
2024-09-15,Bundesliga,Augsburgo,St. Pauli,3,1
2024-09-14,Bundesliga,Kiel,Bayern Múnich,1,6
2024-09-14,Bundesliga,Borussia M'gladbach,Stuttgart,1,3
2024-09-14,Bundesliga,Friburgo,Bochum,2,1
2024-09-14,Bundesliga,Hoffenheim,Bayer Leverkusen,1,4
2024-09-14,Bundesliga,RB Leipzig,Union Berlin,0,0
2024-09-14,Bundesliga,Wolfsburgo,Eintracht Frankfurt,1,2
2024-09-13,Bundesliga,Borussia Dortmund,Heidenheim,4,2
2024-09-01,Bundesliga,Bayern Múnich,Friburgo,2,0
2024-09-01,Bundesliga,Heidenheim,Augsburgo,4,0
2024-08-31,Bundesliga,Bayer Leverkusen,RB Leipzig,2,3
2024-08-31,Bundesliga,Bochum,Borussia M'gladbach,0,2
2024-08-31,Bundesliga,Eintracht Frankfurt,Hoffenheim,3,1
2024-08-31,Bundesliga,Kiel,Wolfsburgo,0,2
2024-08-31,Bundesliga,Stuttgart,Mainz,3,3
2024-08-31,Bundesliga,Werder Bremen,Borussia Dortmund,0,0
2024-08-30,Bundesliga,Union Berlin,St. Pauli,1,0
2024-08-25,Bundesliga,St. Pauli,Heidenheim,0,2
2024-08-25,Bundesliga,Wolfsburgo,Bayern Múnich,2,3
2024-08-24,Bundesliga,Borussia Dortmund,Eintracht Frankfurt,2,0
2024-08-24,Bundesliga,Augsburgo,Werder Bremen,2,2
2024-08-24,Bundesliga,Friburgo,Stuttgart,3,1
2024-08-24,Bundesliga,Hoffenheim,Kiel,3,2
2024-08-24,Bundesliga,Mainz,Union Berlin,1,1
2024-08-24,Bundesliga,RB Leipzig,Bochum,1,0
2024-08-23,Bundesliga,Borussia M'gladbach,Bayer Leverkusen,2,3




2025-07-09,Mundial de Clubes,PSG,Real Madrid,4,0
2025-07-08,Mundial de Clubes,Fluminense,Chelsea,0,2
2025-07-05,Mundial de Clubes,Real Madrid,Borussia Dortmund,3,2
2025-07-05,Mundial de Clubes,PSG,Bayern Múnich,2,0
2025-07-04,Mundial de Clubes,Palmeiras,Chelsea,1,2
2025-07-04,Mundial de Clubes,Fluminense,Al-Hilal,2,1
2025-07-01,Mundial de Clubes,Borussia Dortmund,Monterrey,2,1
2025-07-01,Mundial de Clubes,Real Madrid,Juventus,1,0
2025-06-30,Mundial de Clubes,Manchester City,Al-Hilal,3,4
2025-06-30,Mundial de Clubes,Manchester City,Al-Hilal,2,2
2025-06-30,Mundial de Clubes,Inter,Fluminense,0,2
2025-06-29,Mundial de Clubes,Flamengo,Bayern Múnich,2,4
2025-06-29,Mundial de Clubes,PSG,Inter Miami,4,0
2025-06-28,Mundial de Clubes,Benfica,Chelsea,1,4
2025-06-28,Mundial de Clubes,Benfica,Chelsea,1,1
2025-06-28,Mundial de Clubes,Palmeiras,Botafogo,1,0
2025-06-28,Mundial de Clubes,Palmeiras,Botafogo,0,0
2025-06-26,Mundial de Clubes,Al-Hilal,Pachuca,2,0
2025-06-26,Mundial de Clubes,Salzburgo,Real Madrid,0,3
2025-06-26,Mundial de Clubes,Juventus,Manchester City,2,5
2025-06-26,Mundial de Clubes,Wydad,Al-Ain,1,2
2025-06-25,Mundial de Clubes,Inter,River Plate,2,2
2025-06-25,Mundial de Clubes,Urawa,Monterrey,0,4
2025-06-25,Mundial de Clubes,Borussia Dortmund,Ulsan HD,1,0
2025-06-25,Mundial de Clubes,Mamelodi,Fluminense,0,0
2025-06-24,Mundial de Clubes,Esperance Tunis,Chelsea,0,3
2025-06-24,Mundial de Clubes,Los Angeles FC,Flamengo,1,1
2025-06-24,Mundial de Clubes,Auckland City,Boca Jrs.,1,1
2025-06-24,Mundial de Clubes,Benfica,Bayern Múnich,1,0
2025-06-23,Mundial de Clubes,Inter Miami,Palmeiras,2,2
2025-06-23,Mundial de Clubes,Oporto,Al Ahly,4,4
2025-06-23,Mundial de Clubes,Atlético de Madrid,Botafogo,1,0
2025-06-23,Mundial de Clubes,Seattle Sounders,PSG,0,2
2025-06-22,Mundial de Clubes,Manchester City,Al-Ain,6,0
2025-06-22,Mundial de Clubes,Salzburgo,Al-Hilal,0,0
2025-06-22,Mundial de Clubes,Real Madrid,Pachuca,3,1
2025-06-22,Mundial de Clubes,Juventus,Wydad,4,1
2025-06-21,Mundial de Clubes,River Plate,Monterrey,0,0
2025-06-21,Mundial de Clubes,Fluminense,Ulsan HD,4,2
2025-06-21,Mundial de Clubes,Inter,Urawa,2,1
2025-06-21,Mundial de Clubes,Mamelodi,Borussia Dortmund,3,4
2025-06-20,Mundial de Clubes,Bayern Múnich,Boca Jrs.,2,1
2025-06-20,Mundial de Clubes,Los Angeles FC,Esperance Tunis,0,1
2025-06-20,Mundial de Clubes,Flamengo,Chelsea,3,1
2025-06-20,Mundial de Clubes,Benfica,Auckland City,6,0
2025-06-19,Mundial de Clubes,PSG,Botafogo,0,1
2025-06-19,Mundial de Clubes,Seattle Sounders,Atlético de Madrid,1,3
2025-06-19,Mundial de Clubes,Inter Miami,Oporto,2,1
2025-06-19,Mundial de Clubes,Palmeiras,Al Ahly,2,0
2025-06-18,Mundial de Clubes,Al-Ain,Juventus,0,5
2025-06-18,Mundial de Clubes,Pachuca,Salzburgo,1,2
2025-06-18,Mundial de Clubes,Real Madrid,Al-Hilal,1,1
2025-06-18,Mundial de Clubes,Manchester City,Wydad,2,0
2025-06-17,Mundial de Clubes,Monterrey,Inter,1,1
2025-06-17,Mundial de Clubes,Ulsan HD,Mamelodi,0,1
2025-06-17,Mundial de Clubes,River Plate,Urawa,3,1
2025-06-17,Mundial de Clubes,Fluminense,Borussia Dortmund,0,0
2025-06-16,Mundial de Clubes,Flamengo,Esperance Tunis,2,0
2025-06-16,Mundial de Clubes,Boca Jrs.,Benfica,2,2
2025-06-16,Mundial de Clubes,Chelsea,Los Angeles FC,2,0
2025-06-15,Mundial de Clubes,Botafogo,Seattle Sounders,2,1
2025-06-15,Mundial de Clubes,Palmeiras,Oporto,0,0
2025-06-15,Mundial de Clubes,PSG,Atlético de Madrid,4,0
2025-06-15,Mundial de Clubes,Bayern Múnich,Auckland City,10,0
2025-06-14,Mundial de Clubes,Al Ahly,Inter Miami,0,0
2025-06-14,Mundial de Clubes,Chelsea,PSG,3,0